Fighter_dims,weight_class,avg_KD,avg_opp_KD,avg_SUB_ATT,avg_opp_SUB_ATT,avg_REV,avg_opp_REV,avg_SIG_STR_att,avg_SIG_STR_landed,avg_opp_SIG_STR_att,avg_opp_SIG_STR_landed,avg_TOTAL_STR_att,avg_TOTAL_STR_landed,avg_opp_TOTAL_STR_att,avg_opp_TOTAL_STR_landed,avg_TD_att,avg_TD_landed,avg_opp_TD_att,avg_opp_TD_landed,avg_HEAD_att,avg_HEAD_landed,avg_opp_HEAD_att,avg_opp_HEAD_landed,avg_BODY_att,avg_BODY_landed,avg_opp_BODY_att,avg_opp_BODY_landed,avg_LEG_att,avg_LEG_landed,avg_opp_LEG_att,avg_opp_LEG_landed,avg_DISTANCE_att,avg_DISTANCE_landed,avg_opp_DISTANCE_att,avg_opp_DISTANCE_landed,avg_CLINCH_att,avg_CLINCH_landed,avg_opp_CLINCH_att,avg_opp_CLINCH_landed,avg_GROUND_att,avg_GROUND_landed,avg_opp_GROUND_att,avg_opp_GROUND_landed,avg_CTRL_time(seconds),avg_opp_CTRL_time(seconds),Stance_Open Stance,Stance_Orthodox,Stance_Sideways,Stance_Southpaw,Stance_Switch,x,y,cluster,specific_cluster
Aisling Daly,WomenStrawweight,0.0,0.0,0.09785493189146778,0.012573344509638013,0.0,0.0,0.10657250485625763,0.06690914237924808,0.10363523872019627,0.0936449539263449,0.1830987930161436,0.14557441977274388,0.1771284306047897,0.22084644764990724,0.13962849271489816,0.09187839187066521,0.15050622884326698,0.11771486532011159,0.08840808161871186,0.05257510391962201,0.0733798085809926,0.0507439586438523,0.148190954630109,0.101487917287705,0.027056292536954633,0.019085307067106254,0.02247961594147616,0.01854568315171753,0.08599652695330201,0.1353268783489579,0.10740869362886254,0.0647999279071029,0.0745416933218929,0.0664850880781565,0.09812416691806657,0.07345509959035655,0.0610729826147404,0.0475412603097132,0.036033388116140125,0.03354980274582389,0.018365960934485455,0.017241818643784254,0.5857675133174056,0.3027990986597145,0.0,1.0,0.0,0.0,0.0,10.03436,3.1863837,1,1_WomenStrawweight
Aleksandra Albu,WomenStrawweight,0.0,0.0,0.04234818154816414,0.013020833333331015,0.0,0.05855589279165767,0.19684526790843657,0.12436406760398634,0.2371062369403976,0.21385733503114512,0.1841555563065686,0.12021886979014194,0.29144293070367217,0.3268204593313014,0.10391203165445752,0.07017652100031367,0.41970127257648937,0.07895955145465451,0.17164353670047494,0.10148781014453222,0.1634582388054204,0.10003111401502829,0.19737361777276902,0.134600756837773,0.07451955028330952,0.06603045500101352,0.056967656100656926,0.07833052713840326,0.1873498887439988,0.3004586093640973,0.30484573924313446,0.24337769814363286,0.17307355881179598,0.13429936907112988,0.18256788598040358,0.18498402299049685,0.1533452322094352,0.1380741495321016,0.010984151113092618,0.010526478150047041,0.028055764080506126,0.026691294934102956,0.19486979137291432,0.3930078685745305,0.0,1.0,0.0,0.0,0.0,12.787705,2.8368313,1,1_WomenStrawweight
Alex Chambers,WomenStrawweight,0.0,0.0,0.04002653264172007,0.07552059515658609,0.0,0.043039378813081876,0.10930194928758018,0.07004901996154396,0.3059481678288887,0.22640698681711321,0.1073621993416671,0.07412286945283487,0.4775919512417984,0.4951042268018426,0.11948836097967354,0.0819681320908276,0.24377567083363888,0.11321678131191065,0.06808498594293699,0.037568795467489584,0.23913441812090244,0.148915321262001,0.154273232556746,0.10244147847985699,0.11769472151340753,0.07759259522786702,0.2003733726218124,0.19131460215120197,0.09773609795294777,0.11733722696860897,0.1495593474662788,0.13319914303973068,0.2179033003596481,0.14515691086512839,0.15147736931165015,0.11314405717369214,0.1670363655295096,0.0988007135429264,0.00645090852178486,0.00551459685926088,0.06740202823504539,0.07844339343924775,0.20462201130649343,0.48390036860589714,0.0,0.0,0.0,1.0,0.0,6.3797655,10.516307,0,0_WomenStrawweight
Alexa Grasso,WomenStrawweight,0.0,0.0,0.014258161686355773,0.007734069811398008,0.034121745043857274,0.03104158751938279,0.2578661385676325,0.12626511990826575,0.3053182954101055,0.1583453755820339,0.2536815904985928,0.14609829637774935,0.3167463341136089,0.21895506899083408,0.01994693670862422,0.014053523590165515,0.24350581017469672,0.07696767149630372,0.19937300392609725,0.07296231030905942,0.2587852181551673,0.1007005485081417,0.28282874318011,0.19782621707901,0.10011880915627053,0.0640421431546744,0.2513777639672224,0.27552050240242126,0.060151710456308266,0.06421264783233639,0.42643754616008617,0.28059018618473547,0.32187209610564865,0.1610325117225581,0.21361978067805196,0.15744493956235342,0.053394228121514,0.0419149013128724,0.005355544303638183,0.005097968034611615,0.014046567186121689,0.015197650689345104,0.13087946964407204,0.16290897297581733,0.0,1.0,0.0,0.0,0.0,14.467677,1.9069711,1,1_WomenStrawweight
Amanda Cooper,WomenStrawweight,0.0,0.018062217658835,0.1295777083945261,0.08889071467155608,0.18466043471541432,0.0,0.1512379584992183,0.07217112615766921,0.2121948009359364,0.17333770984396227,0.183772501056631,0.11133102806911761,0.25547200621171057,0.26596773919696753,0.06079591320153567,0.03639068773677214,0.18662279190761563,0.1725555267753785,0.14728471032255652,0.06554103550140544,0.18145581021748572,0.1263074188090761,0.06687170136741401,0.054810499019188996,0.05424818692063989,0.04407036355102126,0.012063126962368807,0.016586799573257104,0.06674533940115826,0.08971220560791066,0.24552196764684817,0.13657647976703055,0.17366811841493673,0.12328253356514149,0.0158116343143029,0.015400519374133259,0.0079118932373896,0.0063037329242932,0.02713085809677349,0.025720766115667416,0.09992659753289679,0.12427659203284469,0.29463263179606924,0.34357822477293826,0.0,0.0,0.0,0.0,1.0,12.543368,3.9169912,1,1_WomenStrawweight
Amanda Lemos,WomenStrawweight,0.03992507479317142,0.0,0.01824509541709471,0.007336737229926007,0.022593034035217015,0.030143720247725447,0.2034166459612422,0.13840034159000925,0.3481980313149173,0.2645348202661297,0.1714843471396322,0.11792463445726153,0.3787577654546532,0.3577418901540162,0.047043587627564054,0.04461318147888675,0.09760930506478542,0.015568755089703448,0.15700498839666915,0.09420033918085413,0.2816918493825968,0.17729490950599258,0.27543301254761,0.19919665438226203,0.11146095135416179,0.08412332509871215,0.14431380311953493,0.1926496363717555,0.12210344999264329,0.14496700005123786,0.3110000741573836,0.2953418129965332,0.2854654682622887,0.1968391338820635,0.1349788376789072,0.12883201924304194,0.217913940332508,0.1642376807284296,0.024037076923341165,0.018362145711558,0.004577719268354091,0.004070746638974721,0.16596634212745043,0.252490186816277,0.0,0.0,0.0,1.0,0.0,6.541467,9.980613,0,0_WomenStrawweight
Amanda Ribas,WomenStrawweight,0.0,0.007661661048115001,0.09992681598694836,0.0,0.030135244564469765,0.11321204888670582,0.1810451426925201,0.09276610411393837,0.18144965477141098,0.07226800821044306,0.2216950990737784,0.1508475253758918,0.21089979700684186,0.14278498770311018,0.13928174032245674,0.10171078414372652,0.0782095068960921,0.008418923403469523,0.15000663439052794,0.06121880772611636,0.16962491051554812,0.05274759667576741,0.20427464747110402,0.15798655124463298,0.030252208234349258,0.016688623031119506,0.09055182499822256,0.11131669078797402,0.03762244714539826,0.042550670699794124,0.28292048851818075,0.1874170831176153,0.19679735011712307,0.07231261733545617,0.053690508561105965,0.05362760828692402,0.0149198292429164,0.0132240593260404,0.03132678870844377,0.022347661821866555,0.013931434358166619,0.01503119648025314,0.47529938129985966,0.11384946244106683,0.0,1.0,0.0,0.0,0.0,10.628728,2.9434643,1,1_WomenStrawweight
Angela Hill,WomenStrawweight,0.006061349914114434,0.0008412618756822646,0.00466033268869403,0.004671271509960005,0.02424137954019562,0.0,0.24151013812001457,0.13900929186183095,0.43502281710907725,0.23554164221643434,0.2054172419018836,0.12089518018825138,0.4243738609975552,0.28076134102690986,0.042266435425522046,0.018045018459156223,0.22930654263619776,0.05307337834545255,0.1877732382680872,0.09137615185397209,0.36174542002011634,0.1446992221225524,0.36940173929273795,0.25903188218733797,0.12949827647758164,0.07536150000322803,0.11499409461292733,0.13735259820207532,0.13696423420429654,0.18133516080714496,0.38937201442183966,0.300619817028081,0.46043444464581673,0.26267981456864,0.21104938682629032,0.18442115093411887,0.088408772265476,0.0509190506138336,0.008053280144138156,0.0062974618561609,0.007997113265716034,0.008157887340261523,0.1285357610802721,0.18257876395478687,0.0,1.0,0.0,0.0,0.0,15.357953,1.5075897,1,1_WomenStrawweight
Angela Magana,WomenStrawweight,0.0,0.02142809274896,0.011596590156747733,0.036188178528345036,0.0,0.0,0.16988074096412456,0.050376657029250475,0.35928332278342423,0.2732964750033507,0.135996515212438,0.042404120474084254,0.35512736404743256,0.3151806294137967,0.04434794263503345,0.00934861278648681,0.0697430775448554,0.06997504221469246,0.11896945274849503,0.01070208417102259,0.2696115499522246,0.169185765983112,0.217772416566143,0.10031497118348699,0.1659479292320063,0.11017541214314402,0.23037540666008713,0.25355331054818325,0.09940188982710077,0.13085712370995772,0.3255027495634303,0.13156815440289465,0.38869794727454554,0.3209546748354598,0.04129456726701118,0.0386943388906213,0.045141401956842,0.0348559174373408,0.0,0.0,0.01681860428325651,0.017778494683984465,0.15170792315310394,0.0694080874491375,0.0,1.0,0.0,0.0,0.0,13.737859,0.56128925,1,1_WomenStrawweight
Ariane Carnelossi,WomenStrawweight,0.0,0.0,0.009644919227435537,0.012820198253016012,0.1822604851637254,0.11053859827046339,0.2671687495000602,0.12337045326176437,0.39709879263898773,0.2998114696736134,0.2638173971284742,0.1462089503745878,0.38383639072552955,0.3378246643268207,0.05826909736215047,0.03887634813142504,0.06766608265347691,0.050918354446731075,0.21754901174643487,0.07788708618927219,0.3215858323087215,0.20522681149368183,0.24218382136892602,0.138949696484426,0.18433080102633753,0.13181077244364567,0.22757489398121064,0.28657524516921906,0.023626692248349755,0.02765237020316001,0.4386096239210957,0.277810330973648,0.36423113133290774,0.26309504130028305,0.21120265761994245,0.1288753459110909,0.182718196538556,0.1449961037447484,0.009215678744198355,0.00861089982661032,0.0039721597865905135,0.0038758738904471515,0.21404366622309848,0.12732411828847526,0.0,1.0,0.0,0.0,0.0,14.762566,1.317027,1,1_WomenStrawweight
Ashley Yoder,WomenStrawweight,0.0030908901987812005,0.0,0.024701542352640913,0.02194733796296102,0.13883463541666696,0.0906880144032906,0.1522965695730452,0.06945983061434449,0.21343301647873114,0.16341676311728387,0.1744429976851852,0.10591698702050263,0.22517227856968805,0.2105315923317684,0.07952932098765289,0.04329475308641965,0.10159853439504135,0.03593250283709676,0.12365017361111112,0.04926871141975298,0.15184321796594977,0.0856785300925923,0.20439332561728302,0.11373939043209799,0.07712673611111101,0.05189525462962951,0.06143764029180605,0.05742513020833237,0.13172019675925878,0.18715868537808544,0.24710858522320625,0.13785156249999975,0.19936366705246905,0.1480337970577482,0.05349529661973977,0.039639729941940385,0.0661844135802468,0.0543769290123456,0.019972993827160394,0.01768790991512343,0.02208418715846979,0.024581449181739767,0.3063429457298641,0.264137385437282,0.0,0.0,0.0,1.0,0.0,6.7826734,10.337747,0,0_WomenStrawweight
Bec Rawlings,WomenStrawweight,0.0,0.005928385107895,0.013906566502580181,0.02782600005878403,0.0,0.03726309343523194,0.1998673062480278,0.11644041854810543,0.300327923772003,0.20052612122899333,0.1854477301048632,0.11351108860206661,0.3222702951299686,0.26896835611473396,0.04715003419289686,0.00893161775638281,0.19231621768888554,0.039759212152911574,0.16744609213332093,0.08688332633971828,0.24002856322026841,0.1324967895305667,0.183528656054877,0.11315734878625,0.11094584496710928,0.07005217846566603,0.13032473565896602,0.16976511618733672,0.08620307627683277,0.09711490938965685,0.29264904764877625,0.2215216868201757,0.2786053889086612,0.17674744213569027,0.2390274928501007,0.19135329410282145,0.0970532551527696,0.0689635559828848,0.009330161194833203,0.008487524468741745,0.03063561026323378,0.03343203416734622,0.18082747703463886,0.35948082652735663,0.0,1.0,0.0,0.0,0.0,13.109107,2.432811,1,1_WomenStrawweight
Brianna Fortino,WomenStrawweight,0.0,0.0,0.0,0.0,0.0,0.0,0.2683796296296295,0.1180952380952381,0.14158415841584152,0.07240740740740725,0.2266666666666666,0.10825396825396817,0.13874269005847953,0.09154929577464781,0.09777777777777691,0.10333333333333242,0.13195209878589365,0.0882606466275856,0.22613526570048298,0.08266666666666662,0.10017921146953387,0.0266666666666664,0.25555555555555504,0.16666666666666602,0.07083333333333301,0.04166666666666663,0.15494949494949456,0.14750000000000005,0.04999999999999952,0.06805555555555495,0.4352495974235102,0.2549999999999997,0.14279202279202277,0.06381578947368395,0.23520148142618233,0.14950495352584733,0.04,0.0311111111111108,0.007487922705313935,0.00688888888888882,0.0034426229508196385,0.00503875968992243,0.32293923213831677,0.04887192536047489,0.0,0.0,0.0,1.0,0.0,6.612034,10.056032,0,0_WomenStrawweight
Carla Esparza,WomenStrawweight,0.0,0.0,0.017078952985703354,0.0071963824538010075,0.04521271595696806,0.06441685527998868,0.11973824178014347,0.05817682321430521,0.19223270397798992,0.12764200180794003,0.1786487921300629,0.12499779565067441,0.22518326235852695,0.20314025172451414,0.23381718041317265,0.12608063878296993,0.1279079028219194,0.06346577326022818,0.10691163512266769,0.046022868903880014,0.18183203628418967,0.1071491945339301,0.083914979388421,0.060167148525598,0.03424147024410376,0.024291953261184007,0.053502708323053066,0.054592961214624994,0.027867972102075006,0.034984357326401046,0.16528772331202973,0.08727792581136735,0.17049125829427286,0.10138961200979868,0.07318752929713469,0.050018905809416,0.0324107580406736,0.0186776185655196,0.02462242578042485,0.021227990865064085,0.053204159679619556,0.06303920288746208,0.32855048286270944,0.15683081682538882,0.0,1.0,0.0,0.0,0.0,10.374859,2.724212,1,1_WomenStrawweight
Cheyanne Vlismas,WomenStrawweight,0.011809084087093866,0.0,0.0,0.050301932367147056,0.3575629025764778,0.10842860976917842,0.16461080079173365,0.0937446323134728,0.1715258346486821,0.09701086956521737,0.1487832125603864,0.09022501150218534,0.34723374332570556,0.39375042525685494,0.010295893719806212,0.014507850241545116,0.21374487016495308,0.13319043232024946,0.14986019218651536,0.07995385466988718,0.16509775466209536,0.079272342995169,0.145632045088566,0.104720209339774,0.020354015700483005,0.012681159420289502,0.0181379007465959,0.021376811594202308,0.03506189613526501,0.05430882648953201,0.2925475507012999,0.24020833333333322,0.1950109805318138,0.11815169717772686,0.03454075051566075,0.034301381600718876,0.0154589371980676,0.0135265700483088,0.012956005391024192,0.008976147342995065,0.0,0.0,0.07195512147307988,0.5495507584418139,0.0,0.0,0.0,0.0,1.0,12.453797,3.831546,1,1_WomenStrawweight
Claudia Gadelha,WomenStrawweight,0.002314465409316391,0.003742383778135,0.04057664334550652,0.0,0.0,0.0,0.17455195460668746,0.08395696885621412,0.33697194929489116,0.20134513765120465,0.1681993244791605,0.0967261525191889,0.38019736374886737,0.3086309567788269,0.169915350303367,0.11938801369679794,0.06937777773450633,0.02911164723359968,0.16116637317798682,0.0724700231198409,0.29524690471203197,0.1328605771891779,0.121136173880819,0.074333185728249,0.07612948817284015,0.058742248665089265,0.036991161980875986,0.03961707630435567,0.10067197521451278,0.13611625538902752,0.29284123098370524,0.19121405086700372,0.33315449388742197,0.19545325440329508,0.07524719543578763,0.050351539920020554,0.0607037860862444,0.0405769842117516,0.015141980559392821,0.012431782703141487,0.043949551838632916,0.04477078888817766,0.322746403621951,0.10404607327444279,0.0,1.0,0.0,0.0,0.0,12.287638,0.82393277,1,1_WomenStrawweight
Cortney Casey,WomenStrawweight,0.0,0.0072786795156,0.019206695248488816,0.004492064325618005,0.046547027150302435,0.02760106175710248,0.2365180681888978,0.11146608252743251,0.2964581920834015,0.21116471692353253,0.2211744297427146,0.1217783648280158,0.3783764568138546,0.36571240010419137,0.023008409377349024,0.015086607709714518,0.15546597516827526,0.11767397143076405,0.21001707961656862,0.08591110806755507,0.23987443637298742,0.1360537328474232,0.120337121894651,0.068532525251072,0.07777869263364452,0.05037527772720751,0.16367594088717888,0.1951352408334891,0.1380562615686998,0.1928648813100055,0.38503207112652554,0.2301371834822334,0.2746383586541969,0.20649828807627332,0.11863435928572,0.08935585519875887,0.0762401491999932,0.0468625944493912,0.023340286199667933,0.020271222099523666,0.045903104550443816,0.040279973789086286,0.06606712941111711,0.39622787584451813,0.0,1.0,0.0,0.0,0.0,13.02063,2.099189,1,1_WomenStrawweight
Cory McKenna,WomenStrawweight,0.0,0.0,0.020297858516644667,0.04125098970704404,0.09774192838919057,0.0,0.19470508562798744,0.09100447410423657,0.24906059489559393,0.20852680273305754,0.25162048033782,0.1660699675753119,0.2745585096285183,0.279820942015248,0.0871909914665241,0.05403932435998756,0.13607886672100306,0.05461258538357427,0.19690213088230232,0.09022985396322677,0.20785586176169268,0.1427619424650303,0.017964282572358,0.012153602533649999,0.052545196621799635,0.048977302718395135,0.030619016771035,0.03274533738013514,0.11892979678015278,0.15863464414533227,0.3610100239314669,0.23435273159144865,0.2646118205421451,0.23827256184800855,0.04585626921223782,0.0397593630772946,0.0442051552740388,0.0361678543151224,0.006555341358088421,0.00704706606844368,0.00819088041742895,0.010550277117973012,0.2821263004091292,0.23493691729843383,0.0,1.0,0.0,0.0,0.0,11.709112,1.459243,1,1_WomenStrawweight
Cynthia Calvillo,WomenStrawweight,0.0,0.0,0.18504908485500973,0.014490292521405015,0.0,0.05580908631986897,0.19902262342575955,0.09180880090474869,0.2979448517747176,0.14634088812142992,0.1711094784853526,0.0852642400739139,0.27758459977915173,0.16282640980848287,0.0978607426732497,0.07627372237979378,0.15099881069927623,0.03836767763286258,0.14518915147517772,0.044402965855132856,0.25763782475229496,0.0874509947807823,0.280953224297655,0.2129597909825,0.04968819649992489,0.026978548049407133,0.19594141639306795,0.18068757130022123,0.13647408112642054,0.18748764828717845,0.37393505096571883,0.24342193368948645,0.33923403702908456,0.1860638035108078,0.022774452471216927,0.02189921595096794,0.0145904194689152,0.0069414474112928,0.008901352945138503,0.008265352150125835,0.00883000601678563,0.005987771214108767,0.31670739830100186,0.0299419091453874,0.0,1.0,0.0,0.0,0.0,11.942322,0.7810325,1,1_WomenStrawweight
Danielle Taylor,WomenStrawweight,0.0,0.0,0.0,0.0,0.0,0.0,0.19123842592592585,0.05915013227513222,0.41255156765676554,0.1084143518518516,0.1530555555555555,0.04928323412698403,0.3703170687134502,0.11186179577464772,0.02520833333333263,0.01614583333333232,0.05360554013176718,0.013790726035559506,0.16772946859903376,0.03799652777777764,0.40661402329749097,0.0805208333333331,0.08784722222222201,0.046180555555555,0.05833333333333314,0.0342447916666665,0.1590467171717163,0.16132812500000004,0.03151041666666601,0.028072916666665882,0.37669987922705306,0.17374999999999996,0.47873575498575505,0.13215186403508739,0.01849366487020365,0.010443360724231682,0.019722222222222,0.015,0.00018719806763273044,0.00021527777777764003,0.0004303278688521837,0.0,0.0005387109077040083,0.024080788804071177,0.0,1.0,0.0,0.0,0.0,11.899267,0.9314013,1,1_WomenStrawweight
Diana Belbita,WomenStrawweight,0.008813603257681121,0.0,0.0,0.07740106441249808,0.0,0.0,0.31264305007597387,0.15839839398533725,0.42285425613964817,0.3012120777993071,0.2523384446644491,0.12727797948354502,0.40074295434123375,0.3311691284083296,0.04257058542687285,0.03999054994645734,0.4404229061500965,0.1558352508752649,0.25151512939314513,0.09780011888141069,0.37217466521794673,0.2270270216986503,0.32059536651651505,0.23809469045652998,0.1023836577161689,0.07628347071945564,0.2507896526991807,0.30083831438119935,0.10661868475363953,0.12607960125768486,0.542446583356152,0.38805021671706585,0.3771767364323837,0.2603267870850397,0.19781647913498568,0.14080849360608533,0.0708346572499092,0.0483687650100924,0.005360535300360136,0.005081835295029865,0.11449004134002504,0.11894468207421921,0.12225441600120358,0.2927736228958537,0.0,1.0,0.0,0.0,0.0,15.371023,2.1559741,1,1_WomenStrawweight
Elise Reed,WomenStrawweight,0.00394702739351494,0.0,0.0,0.0,0.0,0.0,0.09851522184736869,0.056630253452143564,0.2753145480080045,0.20066051242159635,0.1376032775405277,0.10043333880767476,0.3614983587769098,0.3605965607038454,0.01032379164711401,0.014547160957297016,0.29480613218794427,0.14605004475839048,0.07118773049550008,0.03373195113175517,0.2619185604844556,0.1809719296197228,0.111566092612049,0.069101126888618,0.043434730341730135,0.019697567024715378,0.13190830213921814,0.14292407728876094,0.04575912484554226,0.06424752900660945,0.1793073703778562,0.14587935388827164,0.17240302356126597,0.1099513959747999,0.0328627791095729,0.0313125642997869,0.0236958472705696,0.016928607655244,0.0031521947586560435,0.003082447003273185,0.1907025971425645,0.17175136040331387,0.042588541324517094,0.6219510904826888,0.0,1.0,0.0,0.0,0.0,11.9690895,2.9635983,1,1_WomenStrawweight
Emily Ducote,WomenStrawweight,0.0,0.0,0.0,0.0,0.0,0.0,0.29421296296296284,0.19026455026455028,0.5234323432343233,0.19833333333333336,0.2288888888888889,0.14392857142857143,0.47324561403508764,0.20751173708920176,0.0,0.0,0.3518722634290497,0.0,0.16922705314009653,0.07061111111111103,0.48458781362007164,0.1233333333333333,0.377777777777777,0.266666666666666,0.15000000000000005,0.10833333333333303,0.6913131313131312,0.8358333333333327,0.0,0.0,0.585136876006441,0.5749999999999997,0.5966666666666668,0.2339912280701754,0.015174289124269696,0.00879440903093215,0.0444444444444444,0.0355555555555552,0.0,0.0,0.0,0.0,0.0,0.0,0.0,1.0,0.0,0.0,0.0,14.916875,2.1949387,1,1_WomenStrawweight
Emily Whitmire,WomenStrawweight,0.0,0.0,0.02335133553227768,0.0940711871901481,0.39632642264511636,0.0,0.19145960813393928,0.08140737910162181,0.18497593042907237,0.1153014876649583,0.2124603958861236,0.11451229298198437,0.23350077566691063,0.20660840336852998,0.03737787597690084,0.03574677396889204,0.23027615666758477,0.1245417571564079,0.1728549067454975,0.05843308933121533,0.15530586073373212,0.07428665694621331,0.08488132529662501,0.059566949310061,0.05155849963721552,0.031830496986234386,0.12327215406020531,0.16949921183278224,0.05992622861400001,0.09119256712093371,0.3350257108215783,0.178592907445767,0.1959268424882706,0.13489230951178013,0.05298184888518076,0.05277117809111845,0.0156929041872492,0.0077506442792408,0.015262507065178265,0.013628154847037586,0.02016684975300206,0.015996235590195175,0.315699713935677,0.24031576659121373,0.0,1.0,0.0,0.0,0.0,11.361396,2.132253,1,1_WomenStrawweight
Felice Herrig,WomenStrawweight,0.0,0.0,0.06859452870654992,0.023809776286656023,0.1448529743025774,0.15219468457610993,0.18525911393284683,0.07883013795919006,0.26620150344447,0.1971917742692895,0.1869398653172279,0.10005553840573199,0.30940060149772547,0.29612984377731416,0.08833635451710531,0.04504844350033195,0.13507749109043857,0.052355126253045774,0.14931558975813633,0.0511742599501315,0.22678815469716332,0.1372428815839809,0.23045889613478399,0.146895390347421,0.06627069987471826,0.05108213212922326,0.10296022242855064,0.08401409109465835,0.09034527182961227,0.1252877043879541,0.3102609735346723,0.15980479358478208,0.23876526092506545,0.16079348255026665,0.10171126176437738,0.08646670606394899,0.072116177014742,0.0599709520725384,0.012040591964300126,0.01079486764680005,0.048974920305365106,0.057185721068850275,0.3275133123378542,0.2485580057753482,0.0,1.0,0.0,0.0,0.0,11.844389,1.8383352,1,1_WomenStrawweight
Gloria de Paula,WomenStrawweight,0.0,0.0116998792270525,0.0,0.050301932367147056,0.0,0.0,0.12765738224637677,0.07319741584234339,0.25984882455636865,0.1311357689210948,0.1333433977455716,0.08170192805383017,0.31394940778879565,0.21152807545757635,0.02657004830917803,0.007487922705313809,0.1276493129559193,0.08518271646892449,0.11007246376811584,0.053225090579710095,0.22500016232922948,0.07175422705314,0.118931159420289,0.099748389694041,0.049177234299516766,0.03479393115942001,0.05655138339920863,0.07775815217391185,0.10624999999999953,0.16031275161030537,0.23578369681906222,0.1895652173913039,0.27852112494322623,0.1348031480422067,0.05423708775758036,0.059043622950425506,0.0110829307568436,0.0110829307568436,0.0,0.0,0.032380612972202204,0.037667467138523515,0.08528288137904089,0.5185322399232953,0.0,1.0,0.0,0.0,0.0,11.8605795,2.7203667,1,1_WomenStrawweight
Hannah Cifers,WomenStrawweight,0.006921580025997533,0.008672086720864999,0.009452253332935236,0.015609756097560015,0.0,0.0,0.2267587061701516,0.12128566676755584,0.40645019982981745,0.31179166220922017,0.2114352320506343,0.12840837787488796,0.42355180979705254,0.3896600035855276,0.005407707626871006,0.007619951656045508,0.2423421941846538,0.06839550422767804,0.13926352950295404,0.044194747856944314,0.3404217698043581,0.21074819950041723,0.423295320236822,0.300752878062062,0.13867417043048103,0.10831288468851677,0.32075662363701524,0.34770513916335394,0.08389187417774027,0.13366318396204338,0.3619246505865137,0.2502505608740307,0.3250861470167265,0.22232633133465743,0.22185056580744203,0.1953960116167749,0.1317255100335768,0.105328737884994,0.004788858768539526,0.0028878426426711653,0.11132822459665456,0.11630762634136993,0.1184419038481783,0.2655795270151832,0.0,1.0,0.0,0.0,0.0,15.189142,1.8076352,1,1_WomenStrawweight
Hannah Goldy,WomenStrawweight,0.0,0.0,0.0,0.0,0.0,0.0,0.2382407407407407,0.0902116402116402,0.3067656765676566,0.19203703703703684,0.1888888888888888,0.0713492063492063,0.3078947368421053,0.23497652582159612,0.0,0.0,0.0,0.0,0.15275362318840574,0.03444444444444441,0.21200716845878131,0.10333333333333321,0.377777777777777,0.222222222222222,0.049999999999999885,0.03333333333333301,0.35757575757575744,0.24583333333333246,0.33333333333333304,0.29944444444444424,0.41795491143317226,0.21499999999999964,0.2983333333333334,0.19995614035087708,0.15933003580483315,0.1055329083711866,0.1155555555555552,0.062222222222222,0.0,0.0,0.0,0.0,0.10343249427917621,0.0056827820186598245,0.0,1.0,0.0,0.0,0.0,14.056947,2.8494377,1,1_WomenStrawweight
Heather Clark,WomenStrawweight,0.0,0.0,0.03204524413315505,0.0,0.039490740740729766,0.0,0.16109953703703703,0.09759259259259259,0.32982673267326723,0.25657407407407395,0.1741666666666666,0.11963293650793645,0.35635964912280693,0.33110328638497644,0.18333333333333282,0.02583333333333233,0.07697205762510362,0.0,0.11718599033816418,0.062430555555555434,0.2813172043010751,0.1849999999999998,0.269444444444444,0.172222222222222,0.06562500000000002,0.04166666666666663,0.11621212121212093,0.1270138888888888,0.14374999999999952,0.2177777777777771,0.23852254428341374,0.18499999999999994,0.29195868945868947,0.22760964912280682,0.17829789721017061,0.15829936255678032,0.1711111111111108,0.1211111111111108,0.008985507246376721,0.007750000000000001,0.0025819672131146515,0.0037790697674417095,0.49302822273073993,0.06535199321458854,0.0,1.0,0.0,0.0,0.0,12.595316,0.52411,1,1_WomenStrawweight
Inoue Mizuki,WomenStrawweight,0.0,0.0,0.0,0.0,0.0,0.0,0.2927777777777777,0.1525396825396825,0.5792079207920791,0.3872222222222221,0.2377777777777777,0.12547619047619044,0.5378654970760234,0.4150234741784038,0.09777777777777691,0.0,0.17593613171452485,0.0,0.29202898550724626,0.14811111111111103,0.4612903225806451,0.21666666666666662,0.1,0.077777777777777,0.2124999999999998,0.17083333333333317,0.0,0.0,0.1749999999999998,0.23138888888888806,0.5246054750402576,0.3699999999999999,0.5992165242165244,0.4041666666666664,0.166917180366968,0.16709377158771246,0.1555555555555552,0.1244444444444444,0.0,0.0,0.0,0.0,0.04137299771167048,0.032960135708227284,0.0,1.0,0.0,0.0,0.0,15.573961,1.0392413,1,1_WomenStrawweight
Istela Nunes,WomenStrawweight,0.0,0.0,0.0,0.028249563133284028,0.0,0.0,0.23254538080119477,0.12535501073707048,0.30111473929111504,0.1602504625760439,0.2151744128488314,0.13187791676163763,0.38556282283332466,0.32020216838428434,0.0,0.0,0.31994380670660083,0.21068288984392794,0.18120927069359827,0.07803475594173265,0.30776757896037715,0.153152001989211,0.338350105791966,0.228183716555809,0.030895801244638133,0.017125002590118756,0.12609410283828829,0.17337939140264635,0.007062390783321002,0.011535238279424313,0.43643157596645965,0.3401810320414968,0.32283530852403836,0.18633746831421236,0.07651549426494587,0.07142446770654756,0.03848110824855,0.016070248628388,0.0008037126338440565,0.00046213476446025503,0.017551834364644085,0.017577068685775812,0.0,0.471229609876867,0.0,1.0,0.0,0.0,0.0,14.789965,2.881692,1,1_WomenStrawweight
JJ Aldrich,WomenStrawweight,0.0,0.0,0.0,0.0,0.0,0.0,0.19159722222222217,0.08460758377425041,0.3378712871287128,0.19518518518518496,0.2027777777777778,0.12352843915343908,0.349865984405458,0.2637128325508607,0.020370370370369824,0.0057407407407381065,0.16127478740497977,0.10297075439884723,0.16398550724637673,0.057120370370370294,0.2582138590203105,0.09361111111111109,0.197222222222222,0.14537037037036998,0.09895833333333302,0.06979166666666664,0.07449494949494906,0.08740740740740705,0.1909722222222218,0.2336574074074068,0.3240351583467525,0.1770833333333331,0.3397685185185184,0.1779751461988301,0.1365686021184286,0.12165599159456209,0.0814814814814812,0.0659259259259256,0.0046175523349436046,0.004018518518518375,0.020368852459016165,0.026873385012919776,0.05229087210780569,0.28167656205824143,0.0,0.0,0.0,1.0,0.0,6.421915,10.380186,0,0_WomenStrawweight
Jamie Moyle,WomenStrawweight,0.0,0.0,0.0,0.024999999999999026,0.0,0.0,0.18621527777777772,0.12260582010582002,0.327145214521452,0.17393518518518494,0.1905555555555555,0.13131944444444443,0.3639619883040936,0.28075117370892017,0.18944444444444442,0.0775000000000001,0.0,0.0,0.12617149758454105,0.06329166666666661,0.302284946236559,0.1299999999999999,0.33611111111111097,0.26111111111111096,0.07708333333333314,0.05104166666666664,0.1817676767676764,0.23763888888888882,0.035416666666666506,0.05444444444444396,0.2795974235104668,0.25249999999999995,0.3333938746438745,0.1744298245614033,0.17260753878856896,0.15390215804131382,0.0744444444444444,0.05,0.014975845410628004,0.011625,0.01721311475409819,0.015116279069767292,0.07671243325705562,0.40631891433418144,0.0,1.0,0.0,0.0,0.0,13.527486,1.9894695,1,1_WomenStrawweight
Jessica Aguilar,WomenStrawweight,0.0,0.0,0.0,0.013380909901872013,0.0,0.0,0.23625975949466416,0.12848967699380268,0.5261801219149567,0.3333863613836851,0.2099161215184855,0.12358911491298863,0.5215190479078308,0.3991202549073807,0.1027713351174533,0.03274680344929954,0.13210904448769073,0.09494318220520688,0.18715247880817248,0.07266172316384177,0.5019719556431628,0.2745396595301811,0.220269600555059,0.183981935771632,0.0948444004608979,0.0726316254088609,0.2363084795321635,0.32102887426900595,0.058803523639607266,0.08310548617305892,0.38858097623182636,0.27791675958965173,0.5232914449222434,0.33266162486110423,0.1630597332627022,0.15203158096431782,0.0830681930815736,0.0523793240162552,0.012458023051364514,0.009414705991673955,0.07355765856012625,0.08022320101100198,0.1675114439157403,0.16484940801674253,0.0,1.0,0.0,0.0,0.0,15.362228,0.9000107,1,1_WomenStrawweight
Jessica Andrade,WomenStrawweight,0.006149855549560941,0.0117407647495275,0.014420889734732113,0.023037291226959022,0.019215439461499242,0.0,0.2864329434833573,0.16557636595248784,0.3561105167339877,0.2533910383238029,0.2693862554550317,0.1718470574456455,0.34431966827019056,0.2886077495355644,0.14228836662368696,0.12241159749538054,0.15552223083844693,0.04154638187087397,0.2251247161211247,0.10771904297698846,0.3031100141364922,0.1747848427461789,0.421802182145104,0.312328956735064,0.09487581123505427,0.06522283090867352,0.13458761924767249,0.1686748428664729,0.10939956504677477,0.16877758468866122,0.39322530382658194,0.2914082081646997,0.34668402911404006,0.2553715739035113,0.3064441137989155,0.22083091402088137,0.1119174787008336,0.0764103443111776,0.034097824570764594,0.030235599001085266,0.016726802530313643,0.016482323278467558,0.3055312435573034,0.07029979393025251,0.0,1.0,0.0,0.0,0.0,14.189362,1.2862252,1,1_WomenStrawweight
Jessica Penne,WomenStrawweight,0.0,0.0,0.006803211803746652,0.0,0.04786720181758542,0.0,0.18098514092677123,0.07186820804347205,0.340839604956476,0.27216917128470747,0.1789924993160291,0.09074127209140465,0.34678199805162363,0.3266115040287541,0.18347421159496682,0.05808625035767186,0.09530452594358702,0.04101584881415207,0.14695807864301477,0.044550849438226466,0.29114880218400935,0.1925792029981248,0.262794869629684,0.16518693753637698,0.0694247621304379,0.05409206356328364,0.0515405582314807,0.05050013349476849,0.1437643794887858,0.2136655971426563,0.31535364994076825,0.15839752826923967,0.3365066679760375,0.29320673960859933,0.06985768791698675,0.05822536067173875,0.0880817308014948,0.0546701214749652,0.011222279299640878,0.009500110696513965,0.024423798270088715,0.026374187725480884,0.25694540301116375,0.12179573007243075,0.0,1.0,0.0,0.0,0.0,12.720683,0.7181129,1,1_WomenStrawweight
Jinh Yu Frey,WomenStrawweight,0.0,0.0,0.015452816558905352,0.014701962918813016,0.0,0.0,0.12695453164670523,0.06677054703030687,0.24265176191342372,0.17576049762613893,0.1140335407311108,0.062149449215450125,0.24034848388051766,0.20448160192134032,0.038998454011849246,0.019338353286112123,0.3070435586060377,0.04338888005739397,0.09304609349998219,0.03628604526323956,0.1770745005058145,0.0938445321123012,0.11688658952804101,0.068948442720429,0.10441288684597991,0.07653528693528076,0.18841941763976486,0.22016535634162154,0.10040112654708001,0.12669190413253095,0.22658579229082423,0.16719073064429266,0.23431328690620493,0.1621704903636251,0.05925094241359709,0.053053419420394106,0.065981150069728,0.0512735829480956,0.003055733172322417,0.002131625886009805,0.021945332041659226,0.031113456409586442,0.15961517996117125,0.1920195492391425,0.0,0.0,0.0,1.0,0.0,6.4376264,10.233558,0,0_WomenStrawweight
Joanna Jedrzejczyk,WomenStrawweight,0.0022467514601987575,0.0031976055970349996,0.0015829405543631315,0.0039060957418230037,0.0,0.0,0.27615513898517136,0.14609195378385936,0.24906416477055957,0.12474885507826398,0.2288719122562522,0.12448272506453596,0.24873959974230883,0.16071816073396505,0.00835497565338921,0.007422291289053809,0.3840144054428737,0.06658183472210615,0.19655154941426228,0.0747423445297652,0.2148957606022005,0.0859093139985975,0.364570316226966,0.251960026843261,0.052027253891602517,0.02780963781219676,0.33803702879728165,0.3768425426084371,0.09479837320994328,0.09771416166739809,0.482680990849734,0.3563861657893888,0.2632979618622079,0.13327620316357655,0.17629078071571153,0.14598887883398712,0.0444782981118192,0.027000247950906,0.0025864291836458827,0.00205209695733176,0.009758907228843858,0.011207579487097047,0.07068755796414172,0.24719758774333,0.0,1.0,0.0,0.0,0.0,14.354118,2.458128,1,1_WomenStrawweight
Joanne Wood,WomenStrawweight,0.01860788134081428,0.0,0.0,0.01722299834153102,0.0,0.0,0.29834765912334316,0.1769176829196357,0.2706423888961076,0.21508142151888313,0.2962883523728895,0.19275576451329948,0.2811254999893181,0.2651195417852876,0.10507129500211973,0.07859958278785349,0.1011663480530144,0.019686389582359406,0.17767682395965353,0.08060519139321894,0.19771588194098857,0.12399529264335599,0.40631047980231494,0.25917379032173604,0.08756899347724464,0.07225424890637702,0.6277926595282141,0.6184193309966498,0.16898909989146904,0.18756619380651726,0.45426279724426294,0.37780975504317915,0.2623439489038166,0.2200633681850818,0.25482960497462626,0.20172028921453905,0.0739913982368452,0.053004885138902,0.025006256767089487,0.016125911129257917,0.02281494553765612,0.023519150546277977,0.3977049489737707,0.09316551944876214,0.0,1.0,0.0,0.0,0.0,14.5640955,2.3409324,1,1_WomenStrawweight
Jocelyn Jones-Lybarger,WomenStrawweight,0.0,0.0,0.0,0.008333333333331009,0.0,0.0,0.19841435185185183,0.06806878306878306,0.34430693069306917,0.2494907407407406,0.1841666666666666,0.07842261904761902,0.4086257309941519,0.37687793427230043,0.042777777777776846,0.00861111111110871,0.1979281481788424,0.011032580828445222,0.1755917874396134,0.04520833333333323,0.3354838709677419,0.23166666666666663,0.155555555555555,0.097222222222222,0.05312499999999976,0.028125000000000004,0.08343434343434265,0.10652777777777749,0.031249999999999507,0.04083333333333297,0.3754388083735909,0.18,0.33148148148148143,0.24462719298245578,0.0436260812322752,0.028581829350529688,0.0866666666666664,0.0577777777777776,0.0033695652173913043,0.0038750000000000004,0.03786885245901633,0.0440891472868216,0.15313755403000248,0.31937234944868526,0.0,1.0,0.0,0.0,0.0,12.6181555,1.6445078,1,1_WomenStrawweight
Jodie Esquibel,WomenStrawweight,0.0,0.0,0.0,0.0,0.0,0.0,0.28380787037037036,0.11098765432098755,0.6078107810781077,0.39535493827160484,0.2203703703703704,0.0839583333333333,0.5601973684210526,0.41807511737089204,0.03870370370370244,0.0,0.13928277094066616,0.025742688599710815,0.21889694041867952,0.07190277777777764,0.5490442054958182,0.2999999999999997,0.494444444444444,0.212962962962962,0.17013888888888865,0.1222222222222219,0.08442760942760873,0.11062500000000004,0.05694444444444376,0.085069444444444,0.5404589371980675,0.2991666666666663,0.6266274928774929,0.39920321637426875,0.06006489445023415,0.04836924967012723,0.1533333333333332,0.1274074074074072,0.0034943639291464134,0.004018518518518375,0.010614754098360577,0.015536175710594197,0.07767014153741833,0.03428611817924793,0.0,1.0,0.0,0.0,0.0,15.740293,0.86428374,1,1_WomenStrawweight
Juliana Lima,WomenStrawweight,0.0,0.0,0.0,0.014905892524605016,0.07480942497264824,0.0,0.10242695270548206,0.04714505337102768,0.19168715517301926,0.09956680663937391,0.1264686788744051,0.08066354142914148,0.254820328142283,0.21710149943734394,0.18201242942863002,0.05748758535071387,0.10590532256877119,0.034185151689105506,0.07426244203926664,0.023324594122254665,0.15138230820701762,0.0515489491886139,0.102985242824628,0.07921137418344101,0.0891768782699299,0.06093950906712751,0.14912862329063417,0.13227370745396166,0.024794243814843756,0.020919411468031324,0.1448822463768115,0.06930986465815335,0.18087295227920228,0.07730007229724668,0.08196605059704287,0.0746225580274893,0.057592038367178,0.0408576823032128,0.015427456391295256,0.011015461503502676,0.01880692485575576,0.021488411662139655,0.4257256172777502,0.17410754745579785,0.0,1.0,0.0,0.0,0.0,10.331558,2.8958023,1,1_WomenStrawweight
Justine Kish,WomenStrawweight,0.0,0.0,0.010681748044382454,0.0,0.07898148148147376,0.21555555555554964,0.18370370370370367,0.10948412698412689,0.34216171617161706,0.2518518518518516,0.1616666666666666,0.10210317460317458,0.35065789473684206,0.30363849765258205,0.18944444444444442,0.08611111111110879,0.08796806585726243,0.0441303233137928,0.1257971014492753,0.06544444444444442,0.2533602150537634,0.1508333333333331,0.25,0.15277777777777699,0.13749999999999976,0.07500000000000002,0.25626262626262547,0.24583333333333246,0.14791666666666653,0.22798611111111122,0.29545088566827676,0.23749999999999966,0.3493304843304843,0.2797258771929822,0.15553646352376538,0.1341147377217163,0.0844444444444444,0.0544444444444444,0.007487922705313935,0.00688888888888882,0.012049180327868579,0.01007751937984486,0.24076786168319342,0.17048346055979635,0.0,1.0,0.0,0.0,0.0,13.885729,0.9652123,1,1_WomenStrawweight
Kailin Curran,WomenStrawweight,0.0,0.0,0.028256871724823877,0.06510605008085106,0.015317001782193883,0.05944032971259995,0.16662553442340763,0.08534909220004451,0.2877469366601831,0.20106519379512464,0.1793898153480436,0.11318966681163181,0.4048972432956724,0.38543440907132825,0.0852339843661769,0.09827853654376151,0.374285823646186,0.1403217355240427,0.13383299648856864,0.05305294994321846,0.23996964432913948,0.1473163468840758,0.22186495400317402,0.174317896106963,0.08221636303154889,0.052689817875618765,0.0806526710931195,0.09082500891043273,0.09500049240107628,0.09564945755172773,0.2310864802935412,0.1505454499570545,0.20116212134982575,0.1308436511217313,0.20297637768036397,0.1309046405638065,0.1517865349324684,0.0852218984511688,0.013744046387983414,0.012126752155818656,0.07260786963688055,0.0702294150576008,0.3182403687778311,0.35932888503491844,0.0,1.0,0.0,0.0,0.0,12.34795,2.5548496,1,1_WomenStrawweight
Kanako Murata,WomenStrawweight,0.0,0.0,0.08545398435508271,0.0,0.0,0.0,0.061712962962962865,0.047566137566137534,0.1308580858085807,0.09129629629629624,0.1055555555555555,0.0971825396825396,0.13114035087719286,0.11291079812206571,0.22000000000000025,0.13777777777777656,0.0,0.0,0.05391304347826087,0.04133333333333323,0.08387096774193548,0.0399999999999999,0.077777777777777,0.055555555555555004,0.049999999999999885,0.04166666666666663,0.0,0.0,0.10833333333333303,0.09527777777777693,0.06341384863123982,0.0549999999999999,0.12749287749287738,0.08083333333333328,0.022761433686404542,0.00879440903093215,0.0444444444444444,0.04,0.026956521739130435,0.02927777777777764,0.0034426229508196385,0.00503875968992243,0.6447292143401983,0.0,0.0,1.0,0.0,0.0,0.0,9.913637,2.9342709,1,1_WomenStrawweight
Karolina Kowalkiewicz,WomenStrawweight,0.0,0.0032920712651975,0.009110462456430995,0.012366579967248012,0.015809459317074233,0.011066265949723647,0.28062943952094127,0.13168339121153744,0.40029244785216356,0.254415649030896,0.2471105166814576,0.1273419366657597,0.39740417856862176,0.30884484807995205,0.023175525951633028,0.006434372224102907,0.21932181752405297,0.05296108679962535,0.2308543273607075,0.08631087670687555,0.32173154114938995,0.16065074096502452,0.295491349200318,0.213649462056826,0.12028921178850341,0.07376912077069764,0.17628502266530474,0.1792935531192587,0.16359480358357956,0.20300388794015564,0.47739097549665854,0.2853947166476688,0.41475060454671964,0.2691303548856927,0.1908584659535133,0.1696887098807553,0.0901203370702648,0.064121062247924,0.007128273363377613,0.006734543295004055,0.012615168093539637,0.015759413914466513,0.09640862151928888,0.21253003110062033,0.0,1.0,0.0,0.0,0.0,15.100238,1.4611437,1,1_WomenStrawweight
Kay Hansen,WomenStrawweight,0.0,0.0,0.04251231975516353,0.0,0.0,0.05629715612303631,0.11639649550293887,0.07051066891943897,0.17241994945076655,0.12460659468672,0.1061365782918066,0.06949843934530299,0.20990097290937004,0.2015311282050012,0.2579615951353631,0.06854277174141288,0.040205950007309796,0.02305124258990712,0.0897470317354318,0.04473428803492873,0.13313988737366453,0.07370942570085509,0.163133539449709,0.145722047865264,0.04425518026884339,0.02637689266336688,0.07738176657963944,0.06390077705977572,0.10504369210756802,0.1515956060490531,0.19263504234121778,0.14750287468549605,0.16787087572250142,0.12902639719214803,0.026373773890889667,0.025976648565838135,0.0387207299444976,0.0219720887099156,0.01616731105940568,0.018142610852385062,0.020059009394052956,0.021713749679439245,0.30177782380143636,0.14134421385367682,0.0,1.0,0.0,0.0,0.0,10.387523,2.6467788,1,1_WomenStrawweight
Liang Na,WomenStrawweight,0.0,0.0,0.09910900247367685,0.0,0.7328178694158045,1.0,0.0898840206185566,0.07228767795778097,0.15923241808716948,0.17525773195876265,0.1211340206185567,0.10272459499263614,0.49816874660879007,0.6441483955278061,0.22680412371133904,0.23969072164948177,0.0,0.0,0.07294935006723431,0.05193298969072156,0.1675257731958762,0.1778350515463917,0.154639175257731,0.154639175257731,0.0,0.0,0.0,0.0,0.019329896907216006,0.03157216494845284,0.1136635290602121,0.1159793814432987,0.06506079830822094,0.059210526315789096,0.12319332665322127,0.1427958167393632,0.0515463917525772,0.0515463917525772,0.0104213357238905,0.007989690721649435,0.12776744972114232,0.15194198034044568,0.44785203708509286,0.4112693790823955,0.0,1.0,0.0,0.0,0.0,11.31904,2.394995,1,1_WomenStrawweight
Livinha Souza,WomenStrawweight,0.0,0.0098364687077325,0.14597378001886574,0.0,0.0,0.0,0.13677789303632382,0.07677375259399397,0.26534420773175826,0.15043262777486208,0.1308572886897407,0.08460485790108122,0.2966590227107513,0.2345332241404903,0.1711634429432512,0.1507498337864027,0.049345200272311845,0.030467324131187464,0.10059087780089497,0.04596033495623224,0.24231500914191767,0.1217423194542114,0.13122866422253499,0.091381176293037,0.05241672280873539,0.030338265599640753,0.19456863740362482,0.19496666993232117,0.059184597871345515,0.05418041861014411,0.17762244654090475,0.15240513758584637,0.2619400897495802,0.1477719287884621,0.12883162721867547,0.07523564399345344,0.0612113649825192,0.0338987396994228,0.025011107067687357,0.013383829030003392,0.0247570150086945,0.027326428074830968,0.2382470742933857,0.2344783248380764,0.0,1.0,0.0,0.0,0.0,12.099281,2.0323951,1,1_WomenStrawweight
Loma Lookboonmee,WomenStrawweight,0.0,0.0,0.0,0.01788194444444402,0.013163580246913609,0.023950617283939903,0.1729173900462962,0.11754850088183419,0.2155828864136413,0.14086323302469111,0.1645833333333333,0.11441757605820106,0.24759076510721237,0.20965742370892004,0.10070601851851652,0.052743055555552865,0.19998989972237072,0.056082285877944116,0.0887708836553945,0.04340538194444441,0.1849845056750298,0.1023263888888889,0.536342592592592,0.38616898148148104,0.06868489583333326,0.04963107638888889,0.15420454545454448,0.19188657407407325,0.03841145833333276,0.029065393518517512,0.2102835648148146,0.1673697916666665,0.18696299264007596,0.10966122989766044,0.32644479806144017,0.3056515180385977,0.1067129629629628,0.076273148148148,0.0067469303542672604,0.00592013888888882,0.010883709016393192,0.009106508397932582,0.12146135265700476,0.26894949816228436,0.0,1.0,0.0,0.0,0.0,13.630678,2.2783184,1,1_WomenStrawweight
Loopy Godinez,WomenStrawweight,0.0,0.0,0.014118069702179105,0.0,0.0,0.0,0.0884582312581409,0.05221710222152704,0.17677113315653264,0.10611166246872453,0.1047050356011708,0.07419692469585354,0.2704423801751998,0.26265724828320547,0.28910485512541634,0.12687407459135214,0.16409727541017977,0.029291873272913597,0.07596097377342328,0.040226184012098765,0.13287635037861997,0.060370808528266505,0.08112412492097401,0.06596136024320601,0.0854595266641309,0.04918439501646864,0.043051094445430864,0.04165935265897357,0.04048032604089676,0.051593735070559386,0.1534534875393925,0.13542534128050424,0.18587405548019545,0.11613523677602805,0.03914706332678118,0.026581899126591448,0.0406244284138032,0.0268537862585128,0.004849987840301496,0.00297587798451925,0.0012606492343555625,0.0018451362917016629,0.42301874240357473,0.20091706091506456,0.0,1.0,0.0,0.0,0.0,10.219578,2.8172636,1,1_WomenStrawweight
Luana Pinheiro,WomenStrawweight,0.0,0.0,0.0,0.0,0.0,0.0,0.26741536458333337,0.16722470238095238,0.3016707920792079,0.19921875,0.23828125,0.1513671875,0.3407689144736842,0.30039612676056343,0.5156250000000006,0.6054687500000007,0.0,0.0,0.23165760869565216,0.133203125,0.2620967741935484,0.140625,0.1953125,0.15625,0.10253906250000003,0.08789062500000003,0.16761363636363646,0.17285156250000006,0.029296875000000007,0.0,0.38507699275362317,0.3515625,0.3047876602564103,0.17948190789473684,0.18671488570878914,0.21642490974559805,0.078125,0.078125,0.042119565217391304,0.012109375,0.012102971311475412,0.01771438953488372,0.2181779176201373,0.11587547709923664,0.0,1.0,0.0,0.0,0.0,13.430289,1.210608,1,1_WomenStrawweight
Mackenzie Dern,WomenStrawweight,0.005276912575416974,0.008314533920855,0.09639673139565372,0.0025969167133134755,0.04865857006636195,0.0,0.19503180462721412,0.08496225673000662,0.3064954874394208,0.18394613768453844,0.1712102004077046,0.0842190591652864,0.2991010071999642,0.21860691077351624,0.12489344079308154,0.01815193406560172,0.027872137633149444,0.023259154508791915,0.17347023148034119,0.06019825098475206,0.2540326699573132,0.1064320645538847,0.127484724522646,0.097300666962942,0.09455908617985764,0.06890700293767989,0.10234003001829978,0.13256458015281045,0.09284359399995228,0.13560272993483877,0.33759097569383306,0.1792105984402056,0.331201820933323,0.2038343401831146,0.07670983380095155,0.07546722085558315,0.05132344140999,0.0434744415253804,0.012973689373476205,0.012703416258851215,0.004943444449412288,0.0037116683270599885,0.26781151282671206,0.10856993837007213,0.0,1.0,0.0,0.0,0.0,11.699306,0.88274336,1,1_WomenStrawweight
Mallory Martin,WomenStrawweight,0.0,0.017989660131227502,0.027671186437329336,0.23038692038622324,0.0,0.0,0.10273056765216937,0.04893148100841269,0.21862550907587583,0.13824257402881626,0.1210037158866285,0.07733999931064975,0.34328556996394,0.3480356584065869,0.044251215278745246,0.04004680660277945,0.25431569689299377,0.1913711609711458,0.0966478082056652,0.03924635331274508,0.18260043397385337,0.0948299072864949,0.07826904352314999,0.07826904352314999,0.08512443611861739,0.05149100975156026,0.0,0.0,0.025879437651037503,0.0422697481633613,0.1826253741214428,0.11851640016249196,0.20421980457051703,0.12217073125111934,0.03290165478705784,0.025424638357885453,0.079718592776262,0.0560240741385048,0.005819263972884701,0.005576794640681145,0.013377229238566789,0.013052962699868755,0.19073821850520414,0.4385600614786711,0.0,1.0,0.0,0.0,0.0,11.740405,2.9777522,1,1_WomenStrawweight
Maria Oliveira,WomenStrawweight,0.0,0.0,0.0,0.0,0.0,0.0,0.2981597222222222,0.12055555555555546,0.3191006600660064,0.2290277777777777,0.2566666666666666,0.11348214285714285,0.3639619883040936,0.3242370892018778,0.024444444444444227,0.017222222222220522,0.3958562963576848,0.1875538740836204,0.2362439613526569,0.07233333333333324,0.2807347670250896,0.1674999999999999,0.338888888888888,0.183333333333333,0.06562500000000002,0.04895833333333314,0.23242424242424187,0.24583333333333246,0.10416666666666602,0.14631944444444406,0.5836956521739131,0.3462499999999998,0.30343304843304847,0.19676535087719263,0.028451792108005504,0.030780431608262132,0.0244444444444444,0.0244444444444444,0.002246376811594113,0.001291666666666615,0.08348360655737692,0.10581395348837194,0.02815662344266461,0.3531849024597116,0.0,1.0,0.0,0.0,0.0,14.983423,2.6733563,1,1_WomenStrawweight
Marina Rodriguez,WomenStrawweight,0.00459222925368471,0.0,0.007884206190815925,0.009134251589505009,0.05763402191942364,0.010011458914914572,0.2229291919754063,0.11990770331441261,0.23830816335647792,0.15030641680728707,0.188740573358335,0.10621795744089159,0.2634340020566745,0.21775897638437794,0.014162137707601417,0.003956213715397904,0.20115681752055545,0.06754341419748118,0.15924975554561313,0.06227957349801771,0.20284172834273148,0.10662895627119931,0.30420033634895,0.221183148845709,0.06700519410217388,0.04533075050528176,0.2576397421909385,0.2792044335081934,0.06617591037758477,0.06637219075195196,0.36740299440445395,0.253301840631994,0.21132401146191646,0.11666804621299716,0.17329258021709965,0.16245759423389813,0.0591775591336048,0.0388647699966196,0.00753114605339453,0.006840364002729195,0.05128311894238385,0.05833278016875234,0.07545674741833591,0.28264246421048345,0.0,1.0,0.0,0.0,0.0,13.864099,2.4784048,1,1_WomenStrawweight
Maryna Moroz,WomenStrawweight,0.0,0.0079930099457625,0.11132812523025232,0.014124023497245014,0.0,0.0,0.27517169801424995,0.0943726891866057,0.2996736310800819,0.18994977765130405,0.2296393386461416,0.0857908612959447,0.32777708714599463,0.27067338162594606,0.015536425846970618,0.0072974121402417085,0.09450887016407501,0.057414719586074865,0.2573325211004206,0.07685296486928785,0.22086430960329428,0.09755546139928889,0.195776881743224,0.129202997597556,0.08328395600015064,0.04997441551160326,0.027186519554670253,0.02104867012783573,0.2075342397682328,0.2596522257152435,0.533895936586429,0.26497978998654464,0.31932599764668873,0.22081578867467858,0.022060503053142385,0.010122307034596045,0.0364845818809848,0.0199923744973404,0.005394009769980487,0.00583824062846532,0.021523648792096024,0.019830599762701153,0.09173910932757579,0.2657548551909101,0.0,1.0,0.0,0.0,0.0,12.505171,1.1927907,1,1_WomenStrawweight
Michelle Waterson-Gomez,WomenStrawweight,0.0,0.00427464491851,0.0703511927300479,0.02731102929230703,0.018576461451819123,0.02211416304509201,0.1435049641371598,0.09085486863262864,0.2305355182600128,0.1726334913414889,0.1458117260795087,0.10357318651413833,0.25288445277680527,0.2360381505269237,0.0904802497970361,0.06956673191137547,0.09513515080308428,0.03961574721832162,0.09440734702282495,0.04635106862484642,0.17008756653297918,0.09695885251588619,0.23787015197071998,0.183725798629574,0.08205908922831864,0.05870979717058502,0.1852540088727269,0.19573768297708877,0.12303350064698702,0.15868532540677302,0.2149138475866287,0.1702651890583899,0.2095190234211292,0.142085138334448,0.10789672249281786,0.10850355451539392,0.0717270898530184,0.0596329011060904,0.01678802268937281,0.015502300884132026,0.03152585478399964,0.040419854686087046,0.2227060771255233,0.32259145519272975,0.0,1.0,0.0,0.0,0.0,12.641978,2.4295902,1,1_WomenStrawweight
Miranda Granger,WomenStrawweight,0.0,0.0,0.0,0.03285271813287603,0.032424829893175,0.0,0.16357023532864032,0.08388473215120493,0.27839460697745066,0.14785654099079545,0.1546615653154422,0.0908431039969809,0.31160837357552157,0.23483232994341818,0.0,0.0,0.05237839017355645,0.03443546428255383,0.10854782204084401,0.044891898498135165,0.18870480645915894,0.0638486632985994,0.116555510840709,0.08302545136748199,0.10542429751234128,0.06286886151230064,0.36949006324435985,0.28851119235831263,0.1956248012838068,0.17317511428603402,0.2645815344099679,0.18802132085758635,0.27775962170375484,0.14382481780526427,0.16206040292443263,0.11184103780871754,0.0683604392967872,0.0402360713678724,0.0012296280870853478,0.00141407230014815,0.01880426371971307,0.020693346997971943,0.052827386662630406,0.24717540007400274,0.0,1.0,0.0,0.0,0.0,13.70538,2.948036,1,1_WomenStrawweight
Montserrat Conejo,WomenStrawweight,0.0,0.0,0.08545398435508271,0.0,0.15796296296296172,0.4311111111111123,0.05884259259259253,0.024603174603174505,0.13943894389438938,0.09759259259259248,0.1866666666666666,0.1673015873015873,0.16535087719298233,0.14953051643192478,0.12222222222222115,0.13777777777777656,0.0,0.0,0.05241545893719795,0.017222222222222205,0.139784946236559,0.0866666666666664,0.011111111111111,0.0,0.02083333333333313,0.02083333333333313,0.059595959595959036,0.08194444444444365,0.0,0.0,0.11818035426731065,0.0749999999999997,0.14279202279202277,0.11061403508771894,0.0,0.0,0.0088888888888888,0.0088888888888888,0.0,0.0,0.02409836065573747,0.015116279069767292,0.6815052123061276,0.07273960983884646,0.0,0.0,0.0,1.0,0.0,6.887712,10.018967,0,0_WomenStrawweight
Nina Nunes,WomenStrawweight,0.0,0.0,0.036621829167367594,0.0,0.02256533223916193,0.041057468427804646,0.19952053814504114,0.10822610274875069,0.2213404475104168,0.14920576831496737,0.1809990730068418,0.10724625948046364,0.24495755074431141,0.2158146686261651,0.020786711853732025,0.009840743027148411,0.2686803002643942,0.05922933005121677,0.1488383550672931,0.0630035521767857,0.17883037577387342,0.09661058744999279,0.230136896024433,0.148404597755604,0.05646033103789689,0.03583629701684664,0.22554484401285976,0.2629415226418953,0.10723934760043052,0.1335370587055412,0.3486374028855511,0.27254941792431975,0.21803539737732677,0.14769577513719126,0.09526681884618697,0.06573649547186099,0.0451798638896248,0.0343776016209544,0.008255519290868596,0.00688599920471687,0.025834741780220726,0.024910079790962724,0.16910038584925555,0.2675126078354238,0.0,1.0,0.0,0.0,0.0,13.550325,2.564754,1,1_WomenStrawweight
Paige VanZant,WomenStrawweight,0.0036999041241562547,0.0,0.06454268769645737,0.03364976933408103,0.13416360310152478,0.029544412476693042,0.15448730219480436,0.09781898549963909,0.1335928971843624,0.11125783360915892,0.2523320197203876,0.19444104419145042,0.1937730658911876,0.21031018008584207,0.13037862687695795,0.07970552254947999,0.23386627356221326,0.15032075947447,0.120867571724619,0.07363913248874981,0.10530477567934832,0.0720841080134955,0.224143789219431,0.133808117021349,0.06404002197862352,0.05089956698371464,0.08059135501056224,0.07927453301712195,0.014209897482798753,0.020411156029846774,0.09702042915907871,0.05816650834185435,0.06998586506978012,0.054038664037709974,0.3222809056075851,0.23103843081848596,0.111563113081418,0.0690296588959576,0.047183632203649,0.03743020402096899,0.033483542438169644,0.03581136613936731,0.4848272824690111,0.32774530750246345,0.0,1.0,0.0,0.0,0.0,10.525701,3.3339486,1,1_WomenStrawweight
Piera Rodriguez,WomenStrawweight,0.0,0.0,0.0,0.0,0.0,0.0,0.1262962962962962,0.08201058201058192,0.16518151815181503,0.09759259259259248,0.1377777777777777,0.09472222222222217,0.20146198830409343,0.1647887323943662,0.09777777777777691,0.10333333333333242,0.3518722634290497,0.0882606466275856,0.08985507246376802,0.044777777777777646,0.1421146953405016,0.0733333333333332,0.233333333333333,0.2,0.054166666666666516,0.029166666666666383,0.08343434343434265,0.09833333333333238,0.02499999999999976,0.02722222222222198,0.20177133655394502,0.16999999999999965,0.16829059829059825,0.10635964912280671,0.09104573474561885,0.08794409030932229,0.0444444444444444,0.022222222222222,0.008985507246376721,0.010333333333333231,0.0034426229508196385,0.00503875968992243,0.35971523010424616,0.22049194232400332,0.0,1.0,0.0,0.0,0.0,10.847765,3.1188953,1,1_WomenStrawweight
Poliana Botelho,WomenStrawweight,0.013522693529874485,0.0,0.0,0.0,0.0,0.0,0.1570281797070382,0.11507060344680921,0.1253260535056721,0.08653358342265091,0.238356555912826,0.19505926861634257,0.23425471502980386,0.2697368023791192,0.024012147195425427,0.03383529832082674,0.6480927038439034,0.0,0.11755557108905342,0.08025223294033572,0.0629144625384642,0.013097534833869,0.283583422650946,0.212736691675598,0.024557877813504755,0.020464898177920507,0.0642908181493384,0.07230082172204223,0.21268756698820956,0.2537968917470518,0.1300947802268924,0.08090836012861695,0.12892768479585193,0.08768686184915654,0.46208393939356107,0.44922180664112366,0.0349267595569844,0.0305609146123612,0.005056153595228109,0.00498392282958186,0.0,0.0,0.06712026115897876,0.6810384843005544,0.0,1.0,0.0,0.0,0.0,12.800201,3.009737,1,1_WomenStrawweight
Polyana Viana,WomenStrawweight,0.0,0.006002852241190001,0.2200626245695747,0.014406845378856016,0.14105596845052876,0.06210951118884665,0.16164781986005242,0.08143660736128752,0.1750800701865142,0.11727737873525601,0.2232525627684624,0.15278501321934465,0.20680535888474835,0.1816878635266415,0.0956322556812283,0.05393892122602766,0.14737334053756054,0.08625172041622303,0.12459091991819918,0.04685166370324274,0.1238409062830898,0.0548320865788707,0.221210074641239,0.1515590635223,0.07428175130829827,0.05215394774629913,0.11357250405252188,0.14431323090790282,0.08858583601842528,0.11278494679491441,0.27396208410142525,0.17672137055958825,0.1826154357841619,0.12292558643947529,0.04834856117577779,0.03927313513822391,0.0247740505435536,0.0231125404449296,0.016794888030795253,0.01694682686322219,0.015223931298808174,0.015915646237814336,0.15687179267518317,0.4444618555810483,0.0,1.0,0.0,0.0,0.0,12.268418,2.622565,1,1_WomenStrawweight
Randa Markos,WomenStrawweight,0.0,0.0,0.00901257106137323,0.029383868501655027,0.053940176997511184,0.07944388729249834,0.1473045231977473,0.0717284923991484,0.2526469050837522,0.152921916737727,0.1498535039562649,0.08916813126835364,0.29129698856318276,0.24300178008988108,0.09739944718149372,0.04111737029829605,0.16401040743693956,0.0767316738016745,0.13298501574173766,0.057163047295877914,0.22151719988419763,0.1064098350131304,0.070870340454595,0.05169402095502999,0.047847888650262765,0.03241294300208364,0.08891702766760452,0.09648685355430306,0.09339029286211203,0.12077329794190479,0.23530069706315987,0.1388105522165664,0.24545467746662647,0.13722343900969305,0.0860209850050334,0.0725203651066168,0.0418545765490552,0.0301730182141768,0.014478660627904155,0.01330062233995483,0.04163140892054929,0.04802787742487588,0.24007139346159076,0.2691217877167194,0.0,1.0,0.0,0.0,0.0,11.728672,2.2646458,1,1_WomenStrawweight
Rose Namajunas,WomenStrawweight,0.012804122655076687,0.0,0.030317106499367898,0.008056512493599009,0.025158452159818722,0.0,0.20553522662707965,0.09749040258473683,0.310854300022805,0.18506145677320648,0.1712283678408861,0.08368707566441602,0.3559850885265061,0.2831307677559331,0.0833097855988047,0.06071834420875046,0.14100025653141612,0.08040580502011163,0.18517897492309918,0.07913492099128065,0.24269994800518266,0.0970830196758048,0.155112568310566,0.099918721066599,0.08989133303282627,0.05571252329045438,0.06674441753253188,0.07367958023948745,0.15964768538901303,0.2217020782512927,0.3494861336917617,0.22366104037361506,0.30692883177187985,0.17698738846774828,0.06969137012265421,0.046561512649018116,0.0717864602115404,0.047907389911732,0.01913895177162822,0.01620790953036107,0.028859515041227597,0.03226774020763709,0.21530077567165806,0.13199270263370727,0.0,1.0,0.0,0.0,0.0,12.152472,1.1181592,1,1_WomenStrawweight
Sam Hughes,WomenStrawweight,0.0,0.0056028602256725,0.0,0.006723432270807008,0.0,0.0,0.1814497550947008,0.09363796556826118,0.4130062340875003,0.29532091219984985,0.1899362502514584,0.12130900364973982,0.39453677838641144,0.3270170579630744,0.07162208811104388,0.02622366086940333,0.152306689149166,0.09963141385864795,0.13061880933127554,0.060031618203763536,0.30539005174292405,0.1546470071871399,0.16435427296501498,0.09774585322141101,0.17920880424644742,0.13412085093542517,0.2910424189223109,0.22018075245514832,0.1535960388434738,0.20722525740202216,0.31781414088405774,0.22089115872057916,0.4432110478303296,0.326467392214557,0.06565902499566767,0.0617881080053218,0.0676079442585172,0.0628589894113128,0.011257489327427128,0.010135074157385545,0.012030910458003651,0.014752889592617861,0.2963086962171315,0.06927957160552717,0.0,1.0,0.0,0.0,0.0,14.096073,0.54845345,1,1_WomenStrawweight
Seo Hee Ham,WomenStrawweight,0.0,0.0,0.007121165362920355,0.0,0.02632716049381511,0.0,0.21444058641975308,0.10975749559082884,0.46622662266226617,0.30195987654320966,0.1785185185185185,0.09513227513227511,0.4722953216374269,0.3684859154929576,0.06314814814814668,0.0,0.12462142663112111,0.05884043108505443,0.1492592592592592,0.058124999999999996,0.3283004778972519,0.156111111111111,0.307407407407407,0.19907407407407401,0.14340277777777766,0.08506944444444414,0.26321548821548796,0.24993055555555502,0.3499999999999996,0.39018518518518497,0.3800026838432636,0.2895833333333331,0.44112535612535614,0.28220760233918124,0.12708467141575988,0.07328674192443485,0.152222222222222,0.102222222222222,0.0012479871175523,0.001148148148148085,0.034713114754098356,0.03317183462532293,0.07537164166454777,0.2884011874469889,0.0,0.0,0.0,1.0,0.0,6.2311344,10.20028,0,0_WomenStrawweight
Silvana Gomez Juarez,WomenStrawweight,0.06589993216177457,0.0,0.0,0.1678440166933862,0.0,0.0,0.09754937026993031,0.047189994235847584,0.14070471555218023,0.11498955556142072,0.0778903583579116,0.038014503627490426,0.15746523022577238,0.16413869062246528,0.0,0.0,0.7444952570879737,0.5440919665175092,0.09794263557002371,0.04733688723844535,0.11162900588657831,0.0799653712538994,0.0,0.0,0.04196100417334688,0.03125484267724426,0.030626110461577365,0.021055450942334433,0.06337332716555177,0.06853630681646604,0.14226566371200391,0.08823029763609136,0.14838263417598704,0.12392417468188603,0.02425730055389442,0.018744743938043696,0.0328778898898268,0.0328778898898268,0.023088070008986394,0.01548824696436172,0.0,0.0,0.10483055216870316,0.5910328734618099,0.0,1.0,0.0,0.0,0.0,11.5467005,2.883975,1,1_WomenStrawweight
Syuri Kondo,WomenStrawweight,0.0,0.011980913678987501,0.0,0.0,0.0,0.0,0.3831536547059282,0.20169718218733287,0.7256277849469889,0.3445775733331485,0.2983343013493267,0.1531541591007444,0.6495283616508026,0.3433484246281938,0.0,0.0,0.009656209204966347,0.0,0.3395646329384693,0.1543747655943716,0.6838631493539563,0.2802844868933508,0.30736905279667703,0.250169660980013,0.10150866861263365,0.048262159646949014,0.14978632498286837,0.1772947930282449,0.16964163930273005,0.18763989661249234,0.7273058547440077,0.564581534725629,0.8294357966740119,0.44115464200495297,0.11114611603530303,0.08841820201843832,0.044212805603172,0.0140981979999912,0.0,0.0,0.010393933637574076,0.013039692097130582,0.0,0.002451057149594389,0.0,1.0,0.0,0.0,0.0,15.72523,1.2068175,1,1_WomenStrawweight
Tabatha Ricci,WomenStrawweight,0.0,0.02602030352748,0.0,0.0,0.0,0.0,0.201159923510467,0.06803295810166195,0.5039274333503899,0.333867696654817,0.1858997584541063,0.075799449360001,0.5066631256326488,0.40114306635547486,0.15284044298605298,0.08618175189134719,0.041201203937964136,0.04133823866606618,0.15983167580142107,0.035802513444535555,0.46157079073569307,0.2589759365600217,0.19708777686628298,0.099894038829641,0.09289974706043178,0.06325198249931627,0.18711737970351505,0.19173588323762644,0.12076155318567078,0.17937858900738232,0.3593645516704776,0.13995077932731734,0.5124868534528092,0.3472764696040757,0.02036438770650913,0.02194544132154761,0.1113298696563664,0.0788328320116668,0.019177436165701583,0.018931729104001406,0.030543041192054733,0.03369334694214949,0.26640160339501245,0.044870202567351324,0.0,1.0,0.0,0.0,0.0,14.5334015,0.5567394,1,1_WomenStrawweight
Tatiana Suarez,WomenStrawweight,0.0,0.0,0.07738191390781424,0.1073586316416841,0.0,0.22877411903071806,0.13023144427598785,0.10949703511214307,0.042671270436603084,0.031864306713498436,0.1913844142350001,0.1693669712917267,0.12177318191441086,0.1340098248532073,0.23077435470446744,0.2850108441664552,0.01601684387447463,0.0,0.10944167695189694,0.08825523457966777,0.0367466417677905,0.024020219052675,0.12336165039309999,0.108380135508446,0.015490195604794128,0.010477487569518752,0.07819661943798521,0.09437841060840448,0.003341171470887751,0.005457246735783332,0.05782252899479968,0.03656939139357795,0.03213169678875989,0.017938589584474637,0.023219451443418422,0.020185593387108337,0.0181423398631256,0.015551156578416,0.10126864916001244,0.0984227883405184,0.011043869050630846,0.012123758969037664,0.8426980465857233,0.04522538069516385,0.0,0.0,0.0,1.0,0.0,6.9577127,10.150643,0,0_WomenStrawweight
Tecia Torres,WomenStrawweight,0.004039966401313023,0.0,0.0038973741877903726,0.002426818135584418,0.0,0.032770700264405886,0.20971512023787592,0.11543102485258414,0.2936485097032577,0.16149654111291206,0.1962479962749404,0.11930498988854225,0.2989991368610196,0.21278302146959946,0.10683761020231432,0.02478406179328143,0.17971996826149017,0.07459469913555823,0.16087364520503333,0.07106189491008195,0.22234148660535102,0.0764084380565952,0.251536998261235,0.178637583203919,0.11537254400718377,0.07746611532568051,0.19146602188634498,0.21365475669724243,0.11466803605222353,0.13317794660495427,0.3705292200303422,0.28922601699862743,0.29331626730322363,0.1456139039568878,0.10289840338537408,0.08400649060533139,0.0708696784108644,0.0539864865112736,0.0060130269178833,0.005129165145191261,0.020336576821845732,0.024816740647210744,0.20086938910713112,0.17790029243410788,0.0,1.0,0.0,0.0,0.0,13.948067,1.8901238,1,1_WomenStrawweight
Valerie Letourneau,WomenStrawweight,0.004307627400851347,0.006364562118125,0.017246345747830367,0.006727342158858007,0.03188012700836604,0.0290023195292993,0.29611281127423245,0.1317493318893522,0.46639587870446914,0.23227791214075558,0.2455019517990495,0.11320779992241288,0.4375202568007765,0.2584529303280647,0.042712434940029846,0.021168250735458024,0.13423640192169656,0.024073383472664592,0.26458073523913533,0.1025129978501923,0.4192073017724049,0.1614190852002714,0.23643287508486,0.16858239986422202,0.10024795273251866,0.05947338552274239,0.09980123279639491,0.09224486945575862,0.11180042854718253,0.15085272756845394,0.5291894694271441,0.3465157204684314,0.5072837082441206,0.2775177230723191,0.15801030145603534,0.08555742024135506,0.065343969223806,0.0280419778230368,0.0028564861959718304,0.00222654658859455,0.01295782069046086,0.011296801733528998,0.09052947201676965,0.19633758695535752,0.0,1.0,0.0,0.0,0.0,15.412148,1.338553,1,1_WomenStrawweight
Vanessa Demopoulos,WomenStrawweight,0.0,0.0109035970658375,0.0335432092708195,0.0,0.0,0.0,0.21759519858655,0.10874549430033041,0.2839842683741132,0.2660377508629287,0.1881822728876655,0.09803605081030851,0.3023831032651239,0.33213259998921685,0.12480326964648414,0.0072642062097227076,0.07312881924418287,0.03203256126802009,0.16655388553390987,0.06360313133493217,0.2644097634286837,0.2276879889450417,0.34817237836384995,0.244738321456478,0.06713022137011576,0.05844516060615377,0.10803783299877245,0.12033333442338079,0.023135830602762003,0.02957522765657971,0.36735449172532164,0.24238350109176118,0.24696682918447793,0.2546879453267196,0.17236220169796548,0.14397543769549934,0.0272689837355452,0.0231056097932424,0.0021740818994018174,0.00250019418431209,0.1011776215674793,0.09796634475622029,0.15582698517054508,0.2479828843735975,0.0,1.0,0.0,0.0,0.0,13.409387,1.8079829,1,1_WomenStrawweight
Virna Jandiroba,WomenStrawweight,0.0027709159530816194,0.0,0.06780928621361353,0.0032943501894240035,0.137793294189215,0.06267737180001226,0.11379738877570458,0.05646230464337903,0.2071697917010627,0.13518280813740097,0.1333842323226194,0.08813789745871453,0.27007074660341407,0.2595206152139852,0.15403221685487037,0.0937947128363385,0.2658259182479778,0.08135241434824794,0.1038538952429814,0.047074847219114875,0.1862206811956834,0.098188599514548,0.105962495189537,0.07425724135093201,0.04875532555786876,0.03757022464601363,0.004849421064547875,0.006667953963753327,0.04116725698460026,0.060800665085614894,0.19491153703884015,0.13144986235062314,0.20164289658923917,0.12928413826742594,0.06837591508088399,0.05082139014140308,0.0507547534087452,0.037308106279092,0.003981869317369096,0.00405581652203788,0.020907435911730114,0.020949454005553918,0.28401799892317875,0.2416235540845457,0.0,1.0,0.0,0.0,0.0,11.0767145,2.6405075,1,1_WomenStrawweight
Viviane Pereira,WomenStrawweight,0.0,0.0,0.007121165362920355,0.0,0.0,0.0,0.16133873456790124,0.06027777777777773,0.3130225522552254,0.18652777777777768,0.1627777777777777,0.07534722222222216,0.3329191033138401,0.26091549295774624,0.014259259259258215,0.02009259259259112,0.07330672154771736,0.055162904142238026,0.1367793880837358,0.043342592592592495,0.2652031063321386,0.1133333333333331,0.16666666666666602,0.07037037037037,0.09687499999999989,0.07534722222222189,0.07250841750841691,0.0860416666666662,0.07361111111111102,0.09754629629629563,0.29328904991948457,0.15291666666666628,0.29280864197530865,0.15280336257309937,0.04931643965387685,0.036643370962217425,0.0518518518518516,0.0348148148148148,0.006239935587761635,0.00344444444444441,0.06684426229508175,0.07810077519379835,0.18378421900161032,0.21471444727169917,0.0,1.0,0.0,0.0,0.0,12.235069,1.4592178,1,1_WomenStrawweight
Yan Xiaonan,WomenStrawweight,0.0,0.0,0.0,0.008233829339073009,0.0,0.0,0.2959433291280965,0.14452010094870807,0.3118747144695959,0.17401827331206363,0.2582733592226809,0.13622290481519334,0.37810655565103646,0.3128335124328417,0.031038674089060032,0.030333605064077836,0.1563566255594375,0.05369187109060377,0.25658774547166313,0.11083213235536264,0.2790394354750797,0.12557766869205478,0.146864307256049,0.098566288453838,0.07333555040939627,0.04668431704413113,0.2580920917490115,0.243957376918663,0.06673961695992976,0.08709554001249754,0.5437064095749907,0.3796976203223229,0.32651592490080183,0.183957369374829,0.10080000071779609,0.0800934364274281,0.0448905808416524,0.0306312513072912,0.0064297395394155915,0.005276553130523665,0.024885354093238908,0.025923899679283016,0.07028991491205629,0.2711236352811648,0.0,1.0,0.0,0.0,0.0,14.472815,1.8838894,1,1_WomenStrawweight
Yazmin Jauregui,WomenStrawweight,0.0,0.0,0.0,0.0,0.0,0.0,0.31287037037037035,0.141058201058201,0.3882838283828382,0.2077777777777777,0.2433333333333333,0.10702380952380945,0.34400584795321637,0.2014084507042253,0.0,0.0,0.08796806585726243,0.0,0.23811594202898542,0.08955555555555543,0.3448028673835124,0.1399999999999998,0.277777777777777,0.1,0.09166666666666652,0.062499999999999764,0.4052525252525247,0.4097222222222212,0.09166666666666652,0.12250000000000015,0.6053140096618357,0.40499999999999997,0.45642450142450147,0.2722807017543859,0.06069715649707878,0.04397204515466076,0.0088888888888888,0.0088888888888888,0.0,0.0,0.0,0.0,0.01494024917365874,0.03864291772688711,0.0,1.0,0.0,0.0,0.0,14.870356,2.0330899,1,1_WomenStrawweight
Zhang Weili,WomenStrawweight,0.0081949672231247,0.004375277593445,0.016457644548305332,0.010586357401398011,0.02913907955723716,0.013603178220590305,0.27213314505137953,0.1445208189605703,0.27731809373799476,0.17920734194374657,0.2435925678218788,0.13991152517924965,0.2600346291564997,0.19471735774036023,0.12959589221178613,0.059349850661515866,0.038880645776188515,0.00835486681968269,0.1830879042649011,0.07998593009726249,0.21679422205761764,0.10339096223892211,0.248050168973321,0.138884072147241,0.06566102832159414,0.047833944377461884,0.5367851695018314,0.4780322611423093,0.17049582090215779,0.19637089958932133,0.46340345161646246,0.32777609983469996,0.30190577806886804,0.20328303281464846,0.07807505269643082,0.06663997895258642,0.0311813176675916,0.027660154080626,0.027791530535718527,0.025795996941978355,0.013274969410820304,0.014708941713408105,0.16073939511568056,0.08092771011768553,0.0,0.0,0.0,0.0,1.0,12.733064,3.8168755,1,1_WomenStrawweight
