Unnamed: 0,Fighter_dims,weight_class,avg_KD,avg_opp_KD,avg_SUB_ATT,avg_opp_SUB_ATT,avg_REV,avg_opp_REV,avg_SIG_STR_att,avg_SIG_STR_landed,avg_opp_SIG_STR_att,avg_opp_SIG_STR_landed,avg_TOTAL_STR_att,avg_TOTAL_STR_landed,avg_opp_TOTAL_STR_att,avg_opp_TOTAL_STR_landed,avg_TD_att,avg_TD_landed,avg_opp_TD_att,avg_opp_TD_landed,avg_HEAD_att,avg_HEAD_landed,avg_opp_HEAD_att,avg_opp_HEAD_landed,avg_BODY_att,avg_BODY_landed,avg_opp_BODY_att,avg_opp_BODY_landed,avg_LEG_att,avg_LEG_landed,avg_opp_LEG_att,avg_opp_LEG_landed,avg_DISTANCE_att,avg_DISTANCE_landed,avg_opp_DISTANCE_att,avg_opp_DISTANCE_landed,avg_CLINCH_att,avg_CLINCH_landed,avg_opp_CLINCH_att,avg_opp_CLINCH_landed,avg_GROUND_att,avg_GROUND_landed,avg_opp_GROUND_att,avg_opp_GROUND_landed,avg_CTRL_time(seconds),avg_opp_CTRL_time(seconds),Stance_Open Stance,Stance_Orthodox,Stance_Sideways,Stance_Southpaw,Stance_Switch,x,y,cluster,specific_cluster
56,Alex Perez,Flyweight,0.02564452091497177,0.0,0.09281007447294366,0.00986284481430001,0.0,0.0,0.3038353914071396,0.23256073300911662,0.22938836336674684,0.12298642413916487,0.38951346477033794,0.3433149250300146,0.24182099241237168,0.17604192349125475,0.1639478632421478,0.1333651692904949,0.07614669462491999,0.00925343273869311,0.2498440922227993,0.15809012930335295,0.21517755140286957,0.0975449714930928,0.158810162807695,0.092644267903189,0.03549692455125151,0.026148684433584757,0.2810956149830999,0.309221252261702,0.05041816703498026,0.0480077526002757,0.29274102197099655,0.2106924438615624,0.24457281087937696,0.12809632074291713,0.15512501783219373,0.14412551205353255,0.0140613926084464,0.0115939294180644,0.06279407381590081,0.06995252939353697,0.027025244713457814,0.0319880796826432,0.43429233951051827,0.04431752707523844,0.0,1.0,0.0,0.0,0.0,6.3440843,12.847055,2,2_Flyweight
73,Alexandre Pantoja,Flyweight,0.012338822535422143,0.0038445338128325,0.05984191132183725,0.0,0.06362384001614275,0.047816759672742605,0.2953064762488693,0.2159385778835033,0.23526568255768265,0.15256225236732168,0.3057856552967329,0.23638920255847673,0.2356510319324708,0.18470051175709448,0.07882281779392689,0.04987399685260208,0.375194753022272,0.1878960992858287,0.25650143604587494,0.1600807178168456,0.22318162115831777,0.1270879309923072,0.212275150694906,0.13899566815342598,0.03139864632003788,0.02300083625901863,0.14770263523120897,0.15390423966324482,0.05281590622924651,0.06552893523713521,0.3289907136521979,0.24742322127572086,0.24376740569475328,0.16919678256927434,0.10149998132292058,0.09209892848548075,0.0343277091750112,0.0190064483075484,0.02524650252293997,0.02944685569886296,0.021846426223514844,0.022243778464977836,0.22069838770302916,0.16301468967359295,0.0,1.0,0.0,0.0,0.0,5.722306,11.418669,2,2_Flyweight
77,Ali Bagautinov,Flyweight,0.019390470622655413,0.0,0.024130262688703597,0.02012664553531802,0.012186932979012213,0.0,0.22096229400986236,0.1444874908085141,0.1991867281694482,0.1352653445934334,0.23557777521984177,0.16902260096368762,0.21224647930961482,0.18280681123138076,0.16364356284034237,0.1164774931769555,0.061268474922595996,0.026939300093466734,0.20215912775023204,0.10711438105422523,0.1417925859313273,0.06642167482633321,0.15652483096077302,0.121534840452861,0.07213195358146951,0.050891169540607135,0.06556497944532443,0.06088741504957107,0.12231874874093852,0.14735736970201904,0.19366754226599422,0.10148923253322675,0.17577917238504437,0.10157837744641116,0.1286531824721013,0.10807774410497378,0.0806449409260636,0.0628070312894724,0.06282377727133913,0.0655232121462004,0.01986286014230728,0.024986716168890314,0.2914634100449044,0.09521718367618624,0.0,1.0,0.0,0.0,0.0,6.967584,12.255744,2,2_Flyweight
81,Allan Nascimento,Flyweight,0.0,0.0,0.07379716981131788,0.033333333333333034,0.11847222222221773,0.14370370370370408,0.09168749999999987,0.08134615384615383,0.07990924092409223,0.04879629629629624,0.16721590909090903,0.19349999999999987,0.1398346956601092,0.15384495375362833,0.042777777777776846,0.021666666666664537,0.166666666666664,0.20333333333333153,0.06685714285714266,0.04547536630195895,0.07921146953405002,0.044166666666666604,0.069444444444444,0.038888888888888,0.007291666666666501,0.006249999999999751,0.1013131313131309,0.13930555555555493,0.012499999999999503,0.010208333333332936,0.07350241545893711,0.06499999999999981,0.06247150997150993,0.02871710526315789,0.02143317059705256,0.013348348348348226,0.0011111111111108,0.0011111111111108,0.043784037831656825,0.04664003167404504,0.04303278688524563,0.042829457364340885,0.17669717772692597,0.6825021204410516,0.0,1.0,0.0,0.0,0.0,8.226891,10.248564,2,2_Flyweight
84,Alptekin Ozkilic,Flyweight,0.0,0.00465289410013,0.0,0.00834729201563101,0.0,0.035986103356276326,0.3477870603015076,0.15759277155005774,0.338027596729522,0.20330867299460245,0.3499560301507538,0.17162060301507523,0.31985376864987286,0.22368740374177573,0.14488553880513697,0.1808096035734225,0.30035361995160803,0.10183696259072882,0.32942282842785353,0.12424170792015839,0.28788401385661866,0.1384115019542154,0.217066815559277,0.089056393076493,0.11177763819095478,0.06859645449469538,0.08256585960103541,0.09985692350642017,0.05981295365717477,0.08974897636329758,0.3870880974922922,0.18590033500837516,0.33621815153640944,0.20443500396720413,0.09577611534386479,0.07801069914135222,0.0556783919597988,0.0389614740368508,0.03748370837786167,0.012286027915193908,0.04539995057253456,0.039107358497915655,0.3287384204691565,0.07956180393059438,0.0,1.0,0.0,0.0,0.0,5.153392,11.675813,2,2_Flyweight
93,Amir Albazi,Flyweight,0.0,0.0,0.09041964322345203,0.0,0.0,0.21426901918571695,0.27043168122002204,0.17690264326956498,0.18331240018840014,0.10544408653846911,0.33563757567660657,0.2696539470735237,0.1784508416467912,0.12589001636676153,0.1016884750229635,0.1316953707073721,0.056962334829768,0.028955853538465432,0.24690371026507635,0.12845915848034,0.12424145116413801,0.0386115805462206,0.150912618616905,0.108190867494578,0.08642112210355765,0.06717530576405252,0.1262434692364756,0.1455782889088513,0.09485381197609878,0.07878732338609519,0.31616762293722195,0.21646428065303716,0.21353249220457937,0.14067887216935748,0.013734938700144661,0.011405296320644997,0.0037974889886512,0.0018987444943256,0.030477003118793592,0.03415973312868928,0.002941497618258512,0.0,0.4108282736153328,0.05039253936775143,0.0,1.0,0.0,0.0,0.0,6.6425815,12.696515,2,2_Flyweight
157,Ashkan Mokhtarian,Flyweight,0.0,0.0,0.0,0.13333333333333214,0.0,0.0,0.0517499999999999,0.04153846153846145,0.18663366336633647,0.17629629629629623,0.059318181818181784,0.04499999999999983,0.1972870794060515,0.21545243401799613,0.07333333333333268,0.043333333333332974,0.088888888888888,0.13555555555555437,0.028285714285714237,0.007908759356862395,0.1700716845878136,0.1533333333333333,0.022222222222222,0.022222222222222,0.04583333333333326,0.029166666666666383,0.11919191919191914,0.13111111111110985,0.02499999999999976,0.04083333333333297,0.060531400966183486,0.04999999999999995,0.08669515669515653,0.06381578947368395,0.0,0.0,0.04,0.022222222222222,0.006608911370816068,0.009818954036641014,0.15147540983606533,0.1813953488372093,0.14825324180015254,0.5307718405428328,0.0,0.0,0.0,1.0,0.0,-1.60285,19.32562,1,1_Flyweight
161,Askar Askarov,Flyweight,0.0,0.013020833333332501,0.0,0.0,0.1036631944444352,0.06736111111110765,0.1916015624999999,0.15566105769230748,0.19005259900990096,0.11953125000000002,0.2163707386363636,0.18890624999999983,0.22248234352797003,0.1962000964353811,0.25055555555555387,0.1245833333333318,0.14444444444444401,0.0889583333333314,0.18763392857142838,0.1360553758110245,0.1435707885304659,0.0707291666666664,0.065277777777777,0.052083333333333,0.08151041666666664,0.048437499999999765,0.07523989898989808,0.0962847222222211,0.06171874999999952,0.06975694444444397,0.18970108695652171,0.14656249999999982,0.1790478098290598,0.11420367324561369,0.059945899013631225,0.06757601351351357,0.0281944444444444,0.0188888888888888,0.04543626567436068,0.05200977216283324,0.04141905737704901,0.03464147286821665,0.3004570302568014,0.2641072943172179,0.0,1.0,0.0,0.0,0.0,7.440418,11.926361,2,2_Flyweight
185,Ben Nguyen,Flyweight,0.0626966076967872,0.003955070400252499,0.07748051932775762,0.07811815381346408,0.09934345260504773,0.13556363286316797,0.3320858627228241,0.2223272328479005,0.263038887999285,0.16026951910602222,0.33497595393772694,0.2261446995176893,0.29723810086090163,0.2513513155399866,0.037450898170395645,0.01235742281519072,0.345340923283476,0.167752111149232,0.3107235494421509,0.1726204687050687,0.26292953546990666,0.1482379109632857,0.143054410407548,0.10365783016419,0.03339980062051651,0.022895756660544758,0.165460838819429,0.18430419338138154,0.014526586806137253,0.012832371473073964,0.3589649193865202,0.23199827959535443,0.17328750089634679,0.06814403319620449,0.10223493036100514,0.09369083914569383,0.0341250908421544,0.0138234056564452,0.044673202441959464,0.05306802264331602,0.1617301737878082,0.16013941520668742,0.16262746051726773,0.3118168917274461,0.0,0.0,0.0,0.0,1.0,7.1511045,-12.201714,0,0_Flyweight
196,Bibulatov Magomed,Flyweight,0.0,0.0125250501002,0.0,0.0,0.0,0.0,0.25619113226452894,0.17567481116078307,0.07677847444063034,0.04129184294514944,0.33015235015485506,0.27491783567134276,0.10644169693108826,0.09249982999339271,0.16270986417279018,0.08241148964595704,0.020040080160320002,0.0,0.22457744059547655,0.13893423751955195,0.06600333283053543,0.026696726786907,0.215775996437319,0.115675796036517,0.01960587842351363,0.009802939211756628,0.08471225278840495,0.08531089957693058,0.022954241816967008,0.03749192830104615,0.17067093930211447,0.0850901803607214,0.08283715579306761,0.04174669514467526,0.0713329420221551,0.05077187407848631,0.0,0.0,0.15860062858822258,0.14693503913849354,0.011373074016886139,0.016646082863401083,0.5053463856265799,0.030205296088359857,0.0,1.0,0.0,0.0,0.0,7.314931,12.613451,2,2_Flyweight
214,Brad Pickett,Flyweight,0.0019859223786122164,0.024266542521275,0.015183062530537006,0.02675878202346003,0.02983691642615873,0.0033929436029748413,0.33975709082240846,0.1566732462605295,0.32209031339509087,0.2118189510383529,0.38643593963534417,0.23955666552576554,0.31647091797996385,0.25100070682159403,0.14527244040340695,0.10260275085081076,0.16618655775811597,0.07656062512641319,0.33130876130266956,0.12017293623050491,0.29764898942959656,0.1740237770327262,0.129395315773884,0.067832369481813,0.07145591989353077,0.04274291489685639,0.12533360458480747,0.1436717888775538,0.043617607749542264,0.0655815199034351,0.3624283297991925,0.16333253654303295,0.3302474081230099,0.2313893740858735,0.1601324821307831,0.12390563418333869,0.0740821337874632,0.0467062380430724,0.034116361647521236,0.016261088232160173,0.013629811318913245,0.012024158744918162,0.30070039245430324,0.08088255394796708,0.0,1.0,0.0,0.0,0.0,5.000641,11.920264,2,2_Flyweight
223,Brandon Moreno,Flyweight,0.007627533071840314,0.0070360836806875,0.08380770418442132,0.0027579363839846456,0.041087531923434034,0.03737857534886887,0.28758862550004755,0.1801739850795227,0.24262819206324507,0.1486878750052786,0.3199192879777952,0.2367848576085269,0.24528238104979033,0.19095080591733946,0.10883564306800252,0.09948762328610057,0.18966023892056,0.11562229207883254,0.28560114344373566,0.15621572173503825,0.2097446894573007,0.1047225954397167,0.11886509933338898,0.08406573794463501,0.052171521171976515,0.03341180082971701,0.07213729292339058,0.08161443305533783,0.08793354530446201,0.1060939200021977,0.32047521063212825,0.20835218968933455,0.2600274387342627,0.16358009114305194,0.06176366466086357,0.04457343334790558,0.0147070417351284,0.0079501058602852,0.035926609963511456,0.034565552600946126,0.026906643110446278,0.03522969252231136,0.2702439073869181,0.11663633162719132,0.0,1.0,0.0,0.0,0.0,5.9509344,11.906089,2,2_Flyweight
224,Brandon Royval,Flyweight,0.023193372036092588,0.0114894453155325,0.11731173207326441,0.047100632335041054,0.144584659695539,0.11137982815658501,0.25411000710305665,0.15975884971138296,0.15982664726354728,0.12383392506024492,0.28702357685722313,0.20212879459014527,0.20406358626637594,0.21814053908334105,0.02639675259692903,0.04679424324001058,0.53594116616892,0.40260106965629555,0.22679228576836116,0.10897470947442339,0.1260567254975644,0.07222002193838309,0.167406150951804,0.122468568159154,0.029544453170284504,0.02141178743358338,0.11530897219232378,0.12410333894543604,0.11088093605730677,0.170556021974131,0.2933379233738681,0.192489392739915,0.16115385045681402,0.13707457874102574,0.036404535283701016,0.034302418290774475,0.0254479637375016,0.0135271947201564,0.02568817055475056,0.024964153385755635,0.01919914841807819,0.02051919779226094,0.17311251988378765,0.4704341427230429,0.0,0.0,0.0,1.0,0.0,-1.052292,18.991024,1,1_Flyweight
249,Bruno Silva,Flyweight,0.01251600399711974,0.0155950691165725,0.0,0.023243514163932024,0.0,0.055422991815287634,0.2078979844595681,0.13965590088614901,0.26025666674689285,0.1708149405909967,0.2494527235042465,0.19397100564025305,0.29788948338314536,0.2618457604065679,0.22023201209814444,0.10334933048244888,0.16699404350472802,0.07559613669193609,0.17340344575958344,0.08950413436852328,0.21571456191942653,0.11795027392603949,0.158631270990978,0.107924209658933,0.08004237968072965,0.04959294308305202,0.1273877517945051,0.1310731044615538,0.07931789767429051,0.09488952034471483,0.21610453437054475,0.1495709612964009,0.25334677384316984,0.16743975073830586,0.06323848910732052,0.05792973796842569,0.0477985537685,0.0335334898564608,0.03808561322911099,0.029903637467846335,0.03858404086430213,0.03706942908275191,0.3052694775567367,0.12712143171750737,0.0,1.0,0.0,0.0,0.0,6.3463583,12.02069,2,2_Flyweight
260,CJ Vergara,Flyweight,0.0,0.0,0.0,0.022690579544589022,0.0324803899169836,0.0774496314912111,0.31467563399588744,0.2738110929509147,0.3494182951537099,0.23287881095626112,0.38154433298024787,0.3638241946538726,0.33111556214731375,0.25268083358967514,0.0,0.0,0.34448759931967604,0.11919566928134202,0.22729090375012223,0.1387569875442947,0.30648283263032644,0.1671989947452591,0.483738227603889,0.406911126342243,0.10696586322443065,0.07788963140659501,0.0945011919515002,0.12110628791917344,0.047158441855151265,0.06968969740816815,0.30923948270070767,0.27792494859492767,0.3972278427704519,0.29084710648565637,0.17761081350827,0.1621578826942081,0.0200766633665876,0.0152859645114612,0.05286713869185004,0.055810109207350786,0.008885773997460548,0.010933429324888744,0.2005656442928766,0.1658027281554846,0.0,1.0,0.0,0.0,0.0,4.410011,12.866717,2,2_Flyweight
274,Carlos Candelario,Flyweight,0.0,0.027777777777777502,0.04919811320754674,0.09999999999999912,0.4738888888888852,0.28740740740740817,0.07649999999999986,0.031153846153846164,0.18663366336633647,0.17944444444444435,0.0961363636363636,0.06299999999999992,0.24516406586100353,0.26473841822948996,0.12222222222222115,0.08666666666666595,0.22222222222222002,0.06777777777777719,0.06942857142857144,0.023726278070587185,0.1724014336917562,0.15000000000000002,0.066666666666666,0.033333333333333,0.02499999999999976,0.02083333333333313,0.011919191919191809,0.0,0.058333333333332765,0.09527777777777693,0.09800322061191606,0.045,0.07649572649572642,0.06381578947368395,0.0,0.0,0.0088888888888888,0.0088888888888888,0.0,0.0,0.18934426229508197,0.20155038759689903,0.23904398677854055,0.47394402035623406,0.0,0.0,0.0,1.0,0.0,-1.5199877,19.25631,1,1_Flyweight
278,Carlos Hernandez,Flyweight,0.0,0.0,0.0,0.0,0.0,0.0,0.387,0.2907692307692307,0.2960396039603959,0.2487037037037035,0.36409090909090897,0.2700000000000001,0.2834656550249652,0.2739795402691453,0.22000000000000025,0.08666666666666595,0.177777777777776,0.06777777777777719,0.34457142857142836,0.22144526199214917,0.2026881720430106,0.1066666666666665,0.28888888888888803,0.2,0.19166666666666668,0.1749999999999998,0.14303030303030276,0.16388888888888878,0.04166666666666626,0.06805555555555495,0.38913043478260867,0.30499999999999966,0.3187321937321938,0.2935526315789471,0.3750804854484227,0.2803153153153151,0.0533333333333332,0.0444444444444444,0.006608911370816068,0.009818954036641014,0.0034426229508196385,0.0,0.09423849478769386,0.09888040712468185,0.0,1.0,0.0,0.0,0.0,4.773349,12.963343,2,2_Flyweight
302,Charles Johnson,Flyweight,0.0,0.0,0.0,0.0,0.0,0.0,0.15468749999999984,0.13067307692307684,0.1721534653465345,0.1219907407407406,0.25005681818181813,0.26549999999999996,0.19345692048965538,0.17309729133624335,0.012222222222221015,0.0,0.911111111111108,0.6269444444444404,0.10092857142857141,0.0721674291313698,0.09901433691756267,0.0424999999999998,0.22499999999999998,0.163888888888888,0.08645833333333314,0.04479166666666651,0.11025252525252448,0.0778472222222211,0.14166666666666602,0.20756944444444414,0.17438808373590975,0.1524999999999996,0.19315170940170928,0.15103070175438577,0.07233695076505312,0.07675300300300199,0.0155555555555552,0.01,0.004956683528111902,0.00736421552748054,0.0034426229508196385,0.00503875968992243,0.03964912280701751,0.6180025445292621,0.0,0.0,0.0,0.0,1.0,7.5403004,-12.084524,0,0_Flyweight
319,Chico Camus,Flyweight,0.0,0.0,0.012681460792427815,0.02700375890786403,0.05816718774849611,0.0582081025347298,0.20771938385409347,0.13532611362412308,0.22157785371675975,0.11283750897714752,0.2331278886620164,0.17737459988027776,0.33562643972012596,0.3034794751179032,0.03347975559584044,0.028445690724313244,0.323320108207808,0.15272947845682128,0.21701478391146706,0.1340865904660869,0.1948484766036032,0.076783723130658,0.065215147377834,0.038461336687233,0.05670982070059539,0.03214317133943438,0.024502577298796343,0.028259605914604535,0.05036708557025626,0.06932172632062099,0.2329899610077547,0.1584909672175179,0.22388954392968088,0.11720624376729774,0.05215260993931523,0.04276486644355132,0.0367429651604096,0.0198720459996544,0.021884082644556727,0.020581804175791092,0.024847046475037986,0.01925704943636107,0.15751542817862765,0.40293675028738546,0.0,1.0,0.0,0.0,0.0,7.0823984,10.024968,2,2_Flyweight
323,Chris Beal,Flyweight,0.013679205841096808,0.0,0.02400363403098757,0.038572806171648044,0.12276778763674229,0.15325849738177072,0.2766899876205124,0.14714301694545243,0.24714164184458606,0.135480361631091,0.28828528550155574,0.1773550264912206,0.2726455272937724,0.21279303699876145,0.07599225307409128,0.08849899264954035,0.125310130804768,0.0857450531700085,0.290280920110851,0.13778622544429303,0.19918404007790577,0.08887412863633651,0.08837026951681701,0.061456101366157,0.03448768560956288,0.013402836469396502,0.02542338710081827,0.03495715726362511,0.17860886336002654,0.17906803716347142,0.23303244954002542,0.08793077196366,0.2576691403574973,0.1414802145963667,0.18476023134604705,0.13267375003725018,0.03365926030539,0.0189598141090848,0.08223932376479672,0.0735561902151057,0.0226535831871646,0.027782899618485034,0.2802477400278626,0.09752305978766425,0.0,1.0,0.0,0.0,0.0,6.229867,12.10871,2,2_Flyweight
326,Chris Cariaso,Flyweight,0.0,0.0,0.03123560139798409,0.017447412947007017,0.018133902731240173,0.016277376539268473,0.2746571363530191,0.1796012242429855,0.1849877052716629,0.10662899071062666,0.3008286725281409,0.22554539066865092,0.21298587642472153,0.17540027348531598,0.05058733256361186,0.04228337183190907,0.317109513286472,0.19112228699306213,0.23935210562147907,0.1227429637685586,0.15194087038068188,0.0630781218488502,0.24398119096009302,0.164586710122669,0.06584556957128176,0.045973644470197514,0.08379378793477396,0.09886175039117404,0.043434141127995006,0.05326400799872869,0.2741450806173806,0.16542588408388967,0.16443000414290185,0.08362339590597881,0.20132151669871962,0.18024571863573474,0.058651717080074,0.0375179701323692,0.027015343340388864,0.02600254785412833,0.0294348979670444,0.029088928400389152,0.11890954702043602,0.4250117149753665,0.0,0.0,0.0,1.0,0.0,-0.97915447,18.823492,1,1_Flyweight
339,Chris Kelades,Flyweight,0.0,0.0,0.0294518131427471,0.03537382831059604,0.04190816048463673,0.02480501214677978,0.16398567675791167,0.13715888202308524,0.11556774616466498,0.09040885544636668,0.23452668030053767,0.226930985331396,0.1602579899257506,0.1729140614314409,0.11762663542670054,0.0593617392010189,0.26107081509637203,0.23502988862675347,0.13906947998981473,0.09564031579641817,0.09682921536914829,0.0598344491408145,0.158359696376674,0.132519265340026,0.030232794547694255,0.023805717517765133,0.05420341654610809,0.05754174652886129,0.04212000064693276,0.06879600105665691,0.09921201767388818,0.06192456421256145,0.09116877380746548,0.06391254335381051,0.13066643894004928,0.14200677514248014,0.016473495007678,0.0099770592952064,0.08680884673865273,0.08149847898079468,0.04961286260616504,0.05769645152576742,0.30063200104851007,0.5434393398757013,0.0,1.0,0.0,0.0,0.0,8.272057,10.45824,2,2_Flyweight
367,Cody Durden,Flyweight,0.010988936799889252,0.011833434496095,0.026200314380556672,0.04303659725775605,0.0,0.07652899611828749,0.2579564615414205,0.19325566310563408,0.25105596470226893,0.19725873638130015,0.3813386930472392,0.3038955146386643,0.23654307464346785,0.20960885684550995,0.27833580976790634,0.16650050346266637,0.118251436356736,0.05895125138044047,0.2332746358518607,0.14902810082112053,0.1791294575291566,0.110244014099592,0.131427200089662,0.08625991798999,0.06514484374214927,0.043050113321013384,0.14423359658992063,0.17010313673916533,0.20423388500484005,0.2620605207167811,0.2888995341448876,0.22428588390904125,0.2726505709247961,0.24020609288026787,0.04233225619987431,0.03661671904567187,0.020445344181014,0.0135821290335508,0.034597639986377694,0.04040044097252509,0.01894384283975779,0.015831101816223592,0.39988859320357584,0.07357544988832079,0.0,0.0,0.0,1.0,0.0,-1.588845,18.360369,1,1_Flyweight
370,Cody Garbrandt,Flyweight,0.008362692819924944,0.007867402793319999,0.0,0.0,0.0,0.0,0.19862984263227562,0.1313582042108456,0.414959247145637,0.28633871398122696,0.19743280835704127,0.1351733877233111,0.3725934658915334,0.28325722617572685,0.11512173822397173,0.0596781838887391,0.071121321251624,0.06142868101025117,0.18479391197893538,0.10391711920204023,0.3870516317976817,0.2392909896602658,0.08312894476493099,0.050302206609798,0.07038989864818351,0.04864267633308189,0.10648636963525802,0.11704507235060213,0.08672336441613003,0.1019895678238958,0.23180502762954888,0.16055402250470535,0.4747861970250829,0.36042835368488946,0.056587900624777525,0.0511681392088013,0.0171627391936304,0.0163838663170916,0.008525549873106511,0.00983774501799645,0.011609094420989,0.012843992467235861,0.0970106214303488,0.04242780723307684,0.0,1.0,0.0,0.0,0.0,4.9160933,11.3547735,2,2_Flyweight
440,Daniel Lacerda,Flyweight,0.0195153488992618,0.0727411866559675,0.0,0.035185833734622037,0.0,0.0,0.19287367144132123,0.20072792010932713,0.39097258245020244,0.4281877374052938,0.23323308809806356,0.25101844989130373,0.6487802103323982,0.8361649711544721,0.11979804423543894,0.04574158385500868,0.0,0.0,0.12696075530549555,0.09592828366724435,0.3570149776763656,0.3613104240835722,0.21356460034598201,0.184468125683595,0.08146622528144476,0.0785659932628834,0.20414227248108857,0.2806956246614967,0.07883054572820403,0.1192824667620983,0.17313514202419136,0.2113798474583604,0.12688495494415086,0.14048983786908742,0.06536003730944676,0.01858238749189956,0.0061871616395976,0.0061871616395976,0.0646263976811746,0.07030363700872932,0.4513267534389956,0.511928463249406,0.15789401717407106,0.5411231109076066,0.0,0.0,0.0,0.0,1.0,7.219996,-12.448202,0,0_Flyweight
459,Danny Martinez,Flyweight,0.003504631406490322,0.0069444444444424994,0.0,0.0,0.0,0.0,0.29840625000000004,0.14278846153846148,0.37648514851485143,0.2003009259259258,0.2735795454545455,0.12637499999999988,0.37299561969572526,0.25126178192165954,0.22000000000000025,0.13541666666666602,0.194444444444444,0.16944444444443987,0.2725714285714284,0.09688230212156522,0.35237455197132606,0.1583333333333331,0.277777777777777,0.16805555555555501,0.0874999999999999,0.05625000000000001,0.019368686868686286,0.026631944444443632,0.027083333333333258,0.03572916666666589,0.3174295491143317,0.1593749999999997,0.3748290598290598,0.19410635964912262,0.22906701075600153,0.12180367867867771,0.0966666666666664,0.0566666666666664,0.003717512646084075,0.0012273692545797953,0.02323770491803279,0.02645348837209287,0.336299262649377,0.15258269720101772,0.0,1.0,0.0,0.0,0.0,5.329225,11.619182,2,2_Flyweight
465,Darrell Montague,Flyweight,0.0,0.1313380800729475,0.03840269027475345,0.0,0.0,0.0,0.27276956658862084,0.1102045320718725,0.38828765979279006,0.2710523729698661,0.25515714758076147,0.10604832212924525,0.35960351688394776,0.2829212406072251,0.07209924959462949,0.01691240242844493,0.131089544717508,0.05290546400693636,0.2531831379902574,0.08473118820480148,0.3433730190018134,0.21094481143879681,0.10215660127044401,0.021682567215958,0.09903705405044065,0.07373786890359901,0.161823473517661,0.13862145151503655,0.08205523312616328,0.06966788820365455,0.33868999684567525,0.1572328930543794,0.3423045367217469,0.2107365559513075,0.035791261932574286,0.005209676285130814,0.122615346115478,0.101601253303806,0.001289683485198091,0.0,0.06599081534713808,0.06905496055442945,0.02511803850665156,0.1254022916647639,0.0,0.0,0.0,1.0,0.0,-0.60833746,17.939968,1,1_Flyweight
472,Darren Uyenoyama,Flyweight,0.0,0.012830382345392499,0.06466848020742128,0.0,0.1559744282296166,0.09489795392298199,0.07553391238350865,0.051006718682542786,0.15545623865995417,0.0829220583528442,0.18745696952324378,0.18973295504516316,0.15344077782554624,0.10342297269434578,0.059718042847322274,0.05723227118035449,0.18153334590433198,0.12039666089148354,0.057287222443774315,0.02893199714564825,0.1290262140451335,0.0456228815844381,0.08749366473481,0.051723053392125004,0.037059622913434134,0.02693286362190263,0.04073781481912412,0.045294882842985836,0.06825160795997627,0.08424183720458582,0.06941188336387163,0.03719355020841645,0.1502911634504342,0.08041316126543832,0.03319021733789831,0.03261015976122204,0.0264193244016496,0.0195788666773072,0.02112424974819419,0.023828408877586287,0.026099116043052,0.015284901360759384,0.31611140416177624,0.27401488827921444,0.0,1.0,0.0,0.0,0.0,8.126372,11.668075,2,2_Flyweight
478,David Dvorak,Flyweight,0.0,0.0044045102184625,0.01456481555991905,0.0,0.16523623959719597,0.0,0.304097090044483,0.21619492912988336,0.2515900907035185,0.14529279922267874,0.31474922690777535,0.23740409115350286,0.23651245469893886,0.16271282574214566,0.02721079595525063,0.0,0.30824347793026,0.10634782595411853,0.2287842539232511,0.12513504836641826,0.19991606272123283,0.0741797885427741,0.32187668457664403,0.187469533349355,0.07085506946396328,0.05115119385140551,0.2051734693474471,0.2284509948591972,0.12053621984056127,0.158182987625957,0.33669369250817205,0.25612715235429945,0.2694734183793533,0.16480948128242603,0.17859950165053,0.13171767671171075,0.0378094970405764,0.0268886132463224,0.005552455941812936,0.006692446511546228,0.01064045067793305,0.006868680632072094,0.06844877335111858,0.06274473769960974,0.0,1.0,0.0,0.0,0.0,5.0337744,12.652108,2,2_Flyweight
484,Deiveson Figueiredo,Flyweight,0.036051574635966775,0.0016044994644745295,0.13792874491901763,0.007623792079419009,0.0,0.0,0.18545453197492667,0.16456294733119436,0.21892619370810176,0.15669165837224092,0.19147625606361657,0.1732710298350037,0.2177943904033508,0.1864677658407153,0.07983801862914248,0.07078005104532971,0.222826049189256,0.12400574247762143,0.1632807033290174,0.13120565806899895,0.18217393527419615,0.1102931505119277,0.17770235814111301,0.13418279175325298,0.05036236161742614,0.03155372903599538,0.03495866696019762,0.03743423095762186,0.09809718384276377,0.12402178077594687,0.1706393758826644,0.15154072628349285,0.21269200920673978,0.16386084408815654,0.05725178173866174,0.04936378230378192,0.0409008912274196,0.026568078699374,0.05909164062831549,0.06644556218438374,0.03248905157316765,0.02660002518225136,0.22944297039395098,0.1835472905622632,0.0,1.0,0.0,0.0,0.0,7.227317,11.232226,2,2_Flyweight
486,Demetrious Johnson,Flyweight,0.005281125040438879,0.0013853138614565658,0.028869815936874064,0.01089752625527701,0.02064440418602936,0.007634299668252573,0.22884473846588707,0.19056121795094905,0.1769442025271335,0.08632204157180165,0.2860684913431599,0.2684025928128056,0.20852479126217707,0.15737755955166507,0.15421677099045597,0.14058760315654883,0.22182697862141598,0.09992162585991661,0.1609672656597425,0.10117299541124002,0.1348413181849626,0.036952735038151496,0.251699726671702,0.1941271387508,0.06644877470733414,0.04463747276087701,0.19615910171878415,0.196576980850166,0.07214559920221501,0.07650980652794212,0.20083808794787933,0.14996426489208178,0.16848362003496972,0.0695416057320537,0.25783559831552266,0.24641267420223556,0.06270765358642,0.0424145521952928,0.026346590847115534,0.03239274628692959,0.007912178521282403,0.007713365617167872,0.3146277108405366,0.17438285469500506,0.0,1.0,0.0,0.0,0.0,6.7973495,11.756555,2,2_Flyweight
550,Dustin Ortiz,Flyweight,0.006223571750479628,0.0033055248332799995,0.00410476754755096,0.05042933219159706,0.14523829649994044,0.06984653339431261,0.22688381261252163,0.15488888645751556,0.16741105636149942,0.10797888973335262,0.32795822716768824,0.29465381860364553,0.18504629307118658,0.15786033953708084,0.20888607593922442,0.14112843842853623,0.264312725114568,0.17755474113436528,0.19793573660391559,0.10420796963852062,0.13358435681844205,0.061648394850813,0.18010822980946,0.13748087176207,0.04484740556410163,0.030169261037825256,0.09121162436032189,0.09865872724827664,0.08281178534857803,0.11656604058079816,0.18834398253799287,0.08744543137488735,0.15960591672772884,0.095385610837641,0.1668502546945913,0.14625613254029068,0.0444817670631796,0.033991038440768,0.06584530402991684,0.08002310522878864,0.018717052006495434,0.021317267776633432,0.3867151446703672,0.2689360526566813,0.0,1.0,0.0,0.0,0.0,7.1064453,11.598139,2,2_Flyweight
571,Elias Garcia,Flyweight,0.0,0.0,0.0,0.07142857142856908,0.0,0.0,0.2603571428571428,0.14093406593406588,0.2022630834512021,0.16865079365079358,0.33311688311688303,0.26357142857142857,0.17704195370510045,0.16220596893236416,0.0,0.0,0.28571428571428403,0.29047619047618706,0.1983673469387755,0.05084202443697274,0.17972350230414744,0.1428571428571428,0.14285714285714202,0.07142857142857101,0.05357142857142826,0.035714285714285636,0.30649350649350593,0.3511904761904762,0.035714285714285254,0.02916666666666571,0.32118702553485157,0.1821428571428568,0.18577533577533567,0.1549812030075185,0.04592822270796963,0.057207207207206505,0.0476190476190476,0.0285714285714284,0.0,0.0,0.03688524590163934,0.05398671096345513,0.0,0.32391857506361316,0.0,0.0,0.0,1.0,0.0,-0.71589804,18.598862,1,1_Flyweight
587,Eric Shelton,Flyweight,0.0,0.0,0.00922464622641363,0.05708333333333106,0.01579629629629475,0.0,0.213075,0.14196634615384604,0.16649546204620458,0.08507870370370349,0.27388636363636354,0.23021249999999982,0.1881425749931558,0.1394057005666673,0.1845555555555538,0.14354166666666474,0.198333333333332,0.1592777777777773,0.22239642857142852,0.13647552865185797,0.1496863799283152,0.0587499999999999,0.071527777777777,0.055555555555555004,0.030677083333333133,0.02036458333333313,0.02115656565656543,0.024583333333332357,0.04999999999999952,0.061420138888887865,0.20930173107890487,0.11774999999999969,0.1775338319088319,0.09232017543859644,0.02183504254574666,0.005839902402402273,0.0146111111111108,0.0079444444444444,0.06625433649243151,0.08358384623690718,0.016180327868852394,0.017824612403100522,0.2387279430460208,0.23904622561492783,0.0,1.0,0.0,0.0,0.0,7.460401,11.670187,2,2_Flyweight
624,Francisco Figueiredo,Flyweight,0.0,0.0,0.015091445769182393,0.0,0.05055460880101895,0.09389229720517546,0.11376993865030677,0.10191717791411023,0.2494371216262729,0.11397390744527758,0.135830312325711,0.13097239263803667,0.33435820627094465,0.26496834389714347,0.11147466484889693,0.14098841172460613,0.31529197909566,0.06417405135196277,0.07173181419807176,0.04866959937553863,0.19729973393143774,0.0698295841854123,0.118825266984776,0.07911838218586599,0.05839297886843889,0.02572426721199713,0.1427256202102825,0.16412349466030327,0.14645535105657753,0.12359946603044736,0.10927364992804656,0.10180981595092005,0.23535341618163708,0.09632834642844301,0.0451564908131149,0.05197393712731125,0.0738423085662348,0.0332469893206088,0.027891903561394045,0.025466029564355924,0.02534094337725028,0.03063957451530572,0.4144209372011873,0.1908275877619763,0.0,0.0,0.0,1.0,0.0,-1.8163079,18.936247,1,1_Flyweight
638,Fredy Serrano,Flyweight,0.026831010346691445,0.00656685053848,0.0,0.0,0.0,0.0,0.24883283059331288,0.08970489826114945,0.1983498955277263,0.06991430405443895,0.25973055835887826,0.11595562727348406,0.19775380377152063,0.09866808089062831,0.2936995031718531,0.15689736986073174,0.010506960861568,0.0,0.24718463096090876,0.07571112494792481,0.1697314630441757,0.0390889297328805,0.122542406844006,0.052913389449602,0.027001262818236383,0.011867654111985752,0.04095668021367186,0.032882646692879935,0.10939414302475801,0.10389575004067851,0.2965081135385286,0.11743715251242855,0.2197973351426454,0.07812037714315659,0.07772497791709847,0.026089408853900486,0.021525680950598,0.0149908638293772,0.001562390394991876,0.002321265729702216,0.0048831531217299745,0.002382392288379244,0.1298396582501459,0.02403132291117544,0.0,1.0,0.0,0.0,0.0,6.752659,12.175897,2,2_Flyweight
652,Geane Herrera,Flyweight,0.00830342334110055,0.0,0.018065402646589648,0.041966151464247044,0.09943646444166725,0.026383788929681667,0.10737026454197082,0.06452163815093573,0.218249373405018,0.15482406381136476,0.13471249343208122,0.10467129359422883,0.27707128617629906,0.2779723110128733,0.01621536891465042,0.020789490359823935,0.162374400187356,0.19021626420993992,0.11575931845328405,0.06419199280767124,0.1865555614009863,0.10576642057163249,0.020156978072059,0.016866323198388,0.07708208497819727,0.062292254250521636,0.010589925684359406,0.01456114781599418,0.026355810951877508,0.034018812318165365,0.10986459704210147,0.0560791402497117,0.14846119153588042,0.09033718709742641,0.03281572040942595,0.020160151112927942,0.0116618140624356,0.0090292901634988,0.021620848816840784,0.02903192611403274,0.14077074259360725,0.13057402907863705,0.025390578052462358,0.7031993835749433,0.0,1.0,0.0,0.0,0.0,7.925309,9.944059,2,2_Flyweight
716,Hector Sandoval,Flyweight,0.0,0.0,0.048461077199056575,0.12117246465656413,0.5125587099150596,0.0,0.21307301973381004,0.15566087257349154,0.18110241244670558,0.09463445153486297,0.2386504059027941,0.2008293252427104,0.21894521881720994,0.17637129540488838,0.22080864498842404,0.09343236828207765,0.913531660644024,0.6862350966475068,0.18464650434145113,0.09972036494316891,0.15043182022471305,0.0510664120922241,0.17038977480290302,0.144163009359214,0.040541115645591756,0.02497528747453763,0.09007412284711049,0.1110564298668485,0.08434793702493001,0.11904771278379592,0.17855484615595738,0.14013029943298214,0.18929014494537638,0.10289916830581805,0.2955269454079447,0.1740481545218742,0.0435361727106228,0.0261055402698632,0.017107034036461116,0.019165167280366262,0.0013438996554923411,0.0,0.1426870250517581,0.24685380195489948,0.0,1.0,0.0,0.0,0.0,6.428252,10.358649,2,2_Flyweight
721,Henry Cejudo,Flyweight,0.014360685482872379,0.0045558463987175005,0.005791775606139012,0.0,0.0,0.0,0.2923644455808517,0.19748436286360246,0.2829890245531615,0.11833067314933092,0.33026993247862313,0.2550519425042628,0.2671411976433593,0.13977422334261996,0.14562518049493275,0.09144572025120105,0.048522317386712,0.003066087377207288,0.24106927614051216,0.11923863786997985,0.24757392660712693,0.07323155416171889,0.325267298448486,0.244692350638783,0.07356798494193376,0.04555141209135639,0.0824394936299007,0.07989851000406335,0.06661465724715152,0.063776020016263,0.2793780749659218,0.1819984213923255,0.3095568518706147,0.13072405796723832,0.2535453406046496,0.19851831709025228,0.0428678240254492,0.0293241757723196,0.03091879301041861,0.028372986999952974,0.0029934849460375775,0.001322970546092756,0.2294308408074492,0.014993958163267615,0.0,1.0,0.0,0.0,0.0,5.585503,12.513077,2,2_Flyweight
736,Ian McCall,Flyweight,0.0,0.0052083333333325,0.0,0.0,0.0,0.0556851851851787,0.32878125,0.21020192307692306,0.32730610561056084,0.2032523148148148,0.4028778409090909,0.3232125,0.3169316685569765,0.2377851456138292,0.1882222222222212,0.10237500000000017,0.234444444444444,0.03558333333333134,0.24351428571428568,0.10503821020832942,0.25720430107526865,0.1114583333333331,0.285555555555555,0.19375,0.08885416666666653,0.06499999999999989,0.30662121212121196,0.27410416666666626,0.17374999999999954,0.21131250000000026,0.33137338969404184,0.20087499999999958,0.3407247150997151,0.21713322368421037,0.22906701075600153,0.1877111486486488,0.0828888888888888,0.0587777777777776,0.03234236002093145,0.03185023215635446,0.0010327868852457985,0.001511627906976593,0.18765814899567757,0.06825021204410514,0.0,1.0,0.0,0.0,0.0,4.889741,12.813803,2,2_Flyweight
746,Iliarde Santos,Flyweight,0.0,0.0,0.0,0.0,0.0,0.0,0.2423859963075217,0.09912435722134445,0.4781081254923559,0.3278754807258093,0.23082557765861583,0.09998613745345018,0.4575991971921652,0.3692241822427605,0.23989136804430847,0.01855375832540103,0.09514747859181599,0.029019980970499033,0.20901353578652399,0.054179892834833064,0.4086305735008682,0.23030100629485617,0.161183609429052,0.033301617507136,0.0961241580078259,0.06757991443028065,0.14228586518616107,0.19564306463097142,0.20337773549000931,0.25642245480494785,0.29205440474197714,0.12185651004089446,0.4715158193790969,0.3161575939394802,0.05946755750214076,0.04549512367043353,0.0436166123716924,0.0341018645125108,0.00282969563926454,0.004204119235478745,0.09687440894367694,0.11167116515582966,0.11662314998844231,0.04905316450143332,0.0,1.0,0.0,0.0,0.0,4.8257756,11.488635,2,2_Flyweight
772,JP Buys,Flyweight,0.0,0.1271802325581375,0.1287159938569529,0.021802325581395023,0.0,0.0,0.11773255813953484,0.05660219141323766,0.14592447616854706,0.1276647286821705,0.18195031712473558,0.149127906976744,0.2504082660052552,0.29884639676538766,0.12790697674418414,0.028343023255813546,0.20348837209302,0.22165697674418275,0.08745847176079735,0.02845084216313162,0.13257220555138782,0.10247093023255802,0.145348837209302,0.05813953488372,0.03542877906976726,0.02997819767441851,0.06236786469344513,0.06431686046511528,0.021802325581395006,0.03561046511627854,0.14139914054600589,0.06867732558139515,0.100067084078712,0.10295861383108923,0.02803757781591161,0.026192253299811043,0.0290697674418604,0.020348837209302,0.0021613445616767532,0.0032111404916340333,0.07655833015630929,0.05932260681449428,0.10673992868926609,0.6199849103497248,0.0,1.0,0.0,0.0,0.0,7.955577,9.994854,2,2_Flyweight
792,Jake Hadley,Flyweight,0.0,0.0,0.05718058852930064,0.0,0.1312870983566225,0.3583075791022772,0.18014155629139075,0.12617422312786536,0.1978427644088911,0.12164152563159174,0.20723434677904873,0.17111920529801325,0.19605052147774488,0.15313095977705465,0.0,0.0,0.162472406181012,0.13510669610007314,0.15390255439924297,0.07535581142176076,0.13910607894799304,0.053609271523178695,0.147314201618837,0.116004415011037,0.09817880794701977,0.05805739514348776,0.08288179811358529,0.11396247240617975,0.07461368653421627,0.11736203090507642,0.18344584146484513,0.12008278145695366,0.1804910756400821,0.1297446845590795,0.01955244536254234,0.019934122864585808,0.0103311258278144,0.0066372332597496,0.0482319227194658,0.05371162936599704,0.06580881554662894,0.033502746547564015,0.2196894001006932,0.5728582983671199,0.0,0.0,0.0,1.0,0.0,-1.4797449,19.164314,1,1_Flyweight
834,Jared Papazian,Flyweight,0.0,0.0,0.0,0.02724795640326903,0.0,0.0,0.33841961852861036,0.21221966044854337,0.2823265977823939,0.23418104753254596,0.4046321525885559,0.2869209809264305,0.31016196703624954,0.3204453455475563,0.05994550408719187,0.0,0.145322434150772,0.11080835603996073,0.30899182561307903,0.1583906846674091,0.18853827898391473,0.10626702997275181,0.236148955495004,0.154405086285195,0.12602179836512253,0.10558583106267003,0.10717529518619362,0.12057220708446831,0.1702997275204358,0.23365122615803807,0.3793521041477443,0.2493188010899181,0.2709657886769602,0.22257278072565603,0.20148348381425554,0.15276038981761003,0.1089918256130788,0.0944595821980016,0.0,0.0,0.0028141332023048317,0.004118877130726709,0.1719177697828269,0.26849983706692726,0.0,0.0,0.0,1.0,0.0,-1.0230403,17.973637,1,1_Flyweight
838,Jarred Brooks,Flyweight,0.0,0.0,0.029966123499139,0.06626262626262606,0.0,0.03135353535353026,0.1757727272727273,0.10897552447552426,0.17109060906090603,0.09104826038159362,0.2072665289256197,0.15379999999999988,0.19046823588064934,0.14802958099534028,0.21992592592592403,0.2345252525252524,0.132255892255892,0.07476094276094128,0.1657246753246753,0.0791475084122372,0.15794286955577272,0.07124242424242411,0.115016835016835,0.093569023569023,0.047108585858585635,0.028724747474747257,0.03958616467707282,0.04991161616161494,0.005454545454545251,0.008909090909090586,0.17643200117113159,0.08554545454545451,0.16876193559526886,0.07445175438596473,0.06082474019436334,0.056588907088907,0.022006734006734,0.01613468013468,0.037130065701494026,0.049749367118981376,0.029669150521609306,0.03925651867512307,0.34328792116435136,0.05671416454622557,0.0,0.0,0.0,0.0,1.0,7.5504684,-12.292477,0,0_Flyweight
856,Jeff Molina,Flyweight,0.058414273715919895,0.0,0.0,0.0,0.0,0.0,0.7401669341894062,0.6221518088652921,0.49598874815250377,0.3372207359847809,0.762603239457172,0.6573756019261638,0.4615941733298337,0.35665766877962846,0.021050472623505623,0.0,0.185197075084712,0.1751016586409786,0.77647236872277,0.6243889344416051,0.43859864109954705,0.2294569288389513,0.23458177278401998,0.196308186195826,0.14838817549491679,0.12894261637239152,0.07019504839729504,0.06829142143748756,0.06111556982343451,0.09982209737827645,0.869904661099092,0.7826805778491172,0.5592987703100061,0.42818038776717043,0.0922864849544043,0.11495006242197224,0.0398787230247904,0.0191367932940964,0.0613233778601048,0.07160507692932504,0.009946583164486949,0.010918660644294,0.1280583562798871,0.14002630299911362,0.0,1.0,0.0,0.0,0.0,4.0810757,12.527213,2,2_Flyweight
857,Jenel Lausa,Flyweight,0.032709893127261504,0.0,0.045098270440250804,0.0,0.0,0.0,0.17175,0.12461538461538466,0.25831958195819577,0.1385185185185183,0.19465909090909086,0.1557499999999998,0.28617868425741233,0.21673592319017024,0.022407407407407025,0.03249999999999875,0.285185185185184,0.12990740740740575,0.1817142857142857,0.13181265594770777,0.22792712066905615,0.0986111111111109,0.056481481481481,0.025,0.04444444444444426,0.027777777777777755,0.00695286195286144,0.006828703703702778,0.09930555555555527,0.1054861111111111,0.20441358024691358,0.1649999999999997,0.2156754510921176,0.07799707602339154,0.0017860975497535764,0.0,0.01037037037037,0.0070370370370368,0.01734839234839225,0.014728431054961522,0.11532786885245896,0.12135012919896615,0.055547080261039064,0.30857506361323156,0.0,1.0,0.0,0.0,0.0,7.24009,10.309809,2,2_Flyweight
867,Jerome Rivera,Flyweight,0.0,0.0665853363257925,0.0,0.0,0.055274753758420565,0.0,0.415726478613535,0.2186449866148789,0.3109388371064408,0.23531513954982705,0.42792851664125436,0.2512714074184445,0.27799695739853697,0.23161326009369596,0.04276827371695125,0.0,0.09331259720061999,0.09486780715396581,0.2791750868403162,0.07700804671731014,0.26194788469516594,0.1772450433503133,0.29297547983349,0.07659641836079001,0.1008994840800514,0.05970853782326476,0.5939505126605267,0.6030507026382695,0.06911138842067027,0.09859344297408264,0.5055000554034267,0.2915878973002673,0.2408759463964761,0.16272339907236338,0.10068785825875375,0.06469314114404957,0.0288505415296932,0.0288505415296932,0.0,0.0,0.15143248164456827,0.1512000953787022,0.026943923470858496,0.21577832546178757,0.0,0.0,0.0,1.0,0.0,-0.5523674,18.292196,1,1_Flyweight
897,Jimmy Flick,Flyweight,0.0,0.0,0.22362778730703062,0.0,0.0,0.0,0.1431818181818182,0.09440559440559443,0.31203120312031196,0.30050505050505033,0.1394628099173553,0.09545454545454532,0.36668456239029973,0.4106361328555606,0.11111111111111012,0.0,0.404040404040404,0.6161616161616168,0.08181818181818169,0.07189781233511339,0.2965135223199739,0.2575757575757574,0.05050505050505,0.0,0.056818181818181636,0.056818181818181636,0.32506887052341615,0.14898989898989903,0.037878787878787505,0.061868686868686316,0.18342848777631385,0.13636363636363635,0.3245273245273246,0.32874800637958507,0.0,0.0,0.0404040404040404,0.0404040404040404,0.0,0.0,0.03129657228017884,0.045806906272022545,0.0,0.41845940319222763,0.0,1.0,0.0,0.0,0.0,6.9021654,9.948421,2,2_Flyweight
911,Joby Sanchez,Flyweight,0.024421010127711484,0.0056766575840125,0.01322674069884676,0.02007266121707402,0.0951221112120231,0.0,0.31496730245231613,0.13457241668413306,0.23459606178601497,0.11399098462677017,0.3120906613822144,0.15279291553133514,0.2896126948117698,0.19821520940815182,0.01813906549601302,0.023300030275505135,0.395721061661116,0.38118074477746955,0.317458154924095,0.11549949291461528,0.2220815876085279,0.0886860429912201,0.173145625189221,0.102169744676556,0.03163412049651825,0.014293823796548253,0.011280470463031624,0.0077553234433335025,0.053678474114441266,0.0840155414269851,0.35840003451700325,0.15271117166212514,0.25499038687957853,0.12970660643434176,0.06062024817367973,0.03158260440276689,0.031688364113432,0.0155333535170044,0.033011542310448054,0.02930079335820532,0.00766382275427673,0.011217075386012267,0.05649174074466654,0.27342285022714335,0.0,1.0,0.0,0.0,0.0,6.257639,10.04002,2,2_Flyweight
938,John Dodson,Flyweight,0.06683491430582446,0.0,0.0,0.0,0.0,0.0,0.35352546397285955,0.18608699541044307,0.30997042205291897,0.14866323332325987,0.33692626943294,0.18231106795854674,0.28636394930743764,0.16290693545698726,0.06006541734365707,0.03956957990513586,0.277546913646876,0.050849697503022255,0.33015030536221435,0.13622684794920126,0.24665161676396735,0.09738512229634441,0.212654297504073,0.132796398711334,0.0886077851027749,0.03982801247222926,0.11432598344731544,0.1205759542325081,0.1446464401135208,0.11498910493513008,0.4095311134344346,0.21213995190391172,0.31854682712271415,0.13755895949155367,0.09030041225186292,0.07482309788171915,0.0836282659751588,0.0641726569273684,0.021871017714121414,0.0281070260921009,0.0025827983950742267,0.0022681717910230112,0.05512242034765712,0.06054298630160559,0.0,1.0,0.0,0.0,0.0,4.7421947,12.154284,2,2_Flyweight
945,John Lineker,Flyweight,0.0472285319639484,0.0,0.014628514171323406,0.028579427717565033,0.0,0.0,0.5186340094394716,0.3359768716537188,0.33073157902872763,0.21088639601633005,0.51732010030456,0.35211395574662235,0.3356703595361,0.25980388890608125,0.022018067856930227,0.03159726231494435,0.238173433192004,0.14344700816499498,0.4295300972032204,0.23371112151854792,0.2877994222934354,0.15911438099809588,0.591803598382346,0.346580812112827,0.08809472443190253,0.05036284493859001,0.121601957094454,0.11088509854089781,0.07913913608280976,0.09753785317604224,0.5851122485576128,0.40690233376760204,0.33741529417050825,0.2296644623559286,0.11935155178106978,0.08641786542844601,0.034306973047664,0.0182319974915536,0.054111982871670114,0.04519403889025984,0.04862916056034252,0.04485633360448546,0.06761237548872667,0.20007670290419569,0.0,1.0,0.0,0.0,0.0,4.2134786,12.523419,2,2_Flyweight
950,John Moraga,Flyweight,0.014551780374715948,0.0053192475577825,0.0500891532671905,0.011136048675513011,0.03018411344449268,0.0,0.23447247792821588,0.16237304194867966,0.21015084386145494,0.1282578866406714,0.24900571729776896,0.18604993092224695,0.22259342825827466,0.17367331990519652,0.06063620473012967,0.028755765666529248,0.285989947306044,0.18130310175566472,0.1850685085713613,0.09422827895956039,0.1640883577095343,0.0667616707459941,0.21858010968872701,0.145623191852786,0.057280959246300014,0.037877788580594256,0.14978483342420945,0.16344378037538113,0.11486184931587078,0.1581824802723081,0.23455282350864134,0.14370653962234392,0.20705309228857058,0.12188832915807365,0.1404553688049473,0.1298359542418591,0.0361434854770396,0.0245589828015812,0.03215513031917893,0.04143459528240168,0.02970471568407665,0.03307909999667393,0.1568007900529922,0.2795036696706504,0.0,1.0,0.0,0.0,0.0,6.8911943,11.165769,2,2_Flyweight
960,Jon Delos Reyes,Flyweight,0.10527395394649988,0.0,0.06574358112366818,0.11031270592375811,0.07036212158705817,0.0,0.3293303811045606,0.18598176866473895,0.21269542871292144,0.15111775910164435,0.342320232439241,0.2042904118813033,0.22656468348247408,0.20373666470185453,0.0917843783059787,0.16270867063332595,0.206474847690476,0.06038109378866557,0.3343179188153244,0.1661520262462747,0.18665868763754045,0.1105774047121083,0.081477871210672,0.066630061262639,0.058075090433856016,0.054363137946847884,0.1075531367037878,0.0936484825551938,0.04242598642897201,0.024251422915119777,0.1869104682913092,0.11339008639874189,0.15145905247947933,0.08613325863814629,0.2816819918818955,0.21653862093373732,0.111291396153416,0.0732930673889036,0.18253820626943676,0.07279733647557537,0.050638239728446846,0.0567637235950522,0.49060876234793865,0.23242157390040236,0.0,1.0,0.0,0.0,0.0,6.815192,11.663523,2,2_Flyweight
974,Jordan Espinosa,Flyweight,0.0,0.0,0.0,0.014093069245995014,0.0,0.0,0.29803887899661663,0.23293372207177623,0.21657455401660997,0.10835269473329119,0.3074330645990973,0.24996332256593937,0.19392134669899952,0.10741681704025373,0.06963240949540268,0.045959070432385576,0.046834074972112,0.00876144933191871,0.23792471997854317,0.1481679730015457,0.17610798261723026,0.0615228351276888,0.166470539930655,0.129514896810088,0.03958756923285451,0.020154604833052505,0.2974207332064266,0.29772529889443866,0.13220899892949078,0.151409443297312,0.32386439644839277,0.2578264088768136,0.2399303914417673,0.136493346271513,0.1544960673198454,0.14780706363852458,0.0304953569101288,0.0103775230414648,0.018794952686369753,0.022846851577197198,0.0,0.0,0.061868117798358206,0.0816295914105891,0.0,1.0,0.0,0.0,0.0,5.213948,12.745734,2,2_Flyweight
994,Jose Torres,Flyweight,0.0,0.0,0.0,0.0,0.29929824561403046,0.0,0.2643157894736841,0.1442914979757085,0.2804585721730066,0.18491228070175428,0.25191387559808615,0.1421052631578947,0.282659305779408,0.23571805252601166,0.13894736842105257,0.08210526315789343,0.421052631578944,0.2568421052631537,0.24848120300751864,0.10489512410154433,0.23395585738539887,0.1073684210526315,0.168421052631578,0.105263157894736,0.1263157894736839,0.11052631578947365,0.06775119617224873,0.09315789473684198,0.0,0.0,0.26761250953470633,0.1136842105263156,0.25605937921727384,0.12091412742382249,0.14213576290677046,0.12645803698435187,0.0421052631578944,0.0421052631578944,0.03756644358148112,0.0465108349104049,0.07175150992234684,0.10501835985312115,0.09145610020474522,0.4156207312173563,0.0,1.0,0.0,0.0,0.0,6.460594,10.409074,2,2_Flyweight
998,Joseph Benavidez,Flyweight,0.014118551620979199,0.0106662161714125,0.014857453093740865,0.01006839379328401,0.04059829631736437,0.009797420833693967,0.3682271528664255,0.2091351722097505,0.2240949305337165,0.1374867760802518,0.36702013098314956,0.22306015616472977,0.21615965830179737,0.15907214876375922,0.12247664859327714,0.06976934013378432,0.22890754008175598,0.10626716572154182,0.3043241168536731,0.1321543960355112,0.18757769095757124,0.0886611479271423,0.28837568549647097,0.163993162676631,0.07330666587066864,0.05141909260876988,0.23068920171305213,0.2005621235822724,0.052958311522171515,0.06442606355386432,0.4197137956975036,0.24563329913981521,0.22600916710167152,0.13599983700963447,0.11715954598133513,0.0912413653235397,0.0511011857719924,0.0354480666911976,0.023507113783571256,0.021870555726335048,0.014902941231680166,0.01879196883321293,0.19153498975311076,0.07345638443105228,0.0,0.0,0.0,1.0,0.0,-0.93896765,18.252644,1,1_Flyweight
1000,Joseph Morales,Flyweight,0.06903661866649899,0.01543209876543,0.12114224673986024,0.01851851851851602,0.0,0.0,0.16188559322033888,0.11958930899608843,0.10558414598521984,0.06972169910022992,0.17072419106317416,0.12913841807909598,0.16282827209276804,0.1569021234428302,0.013580246913578415,0.0,0.158819836785936,0.2422002510985527,0.17358353510895866,0.12782848809844083,0.09469267426712286,0.0627118644067794,0.024691358024691003,0.012345679012345,0.03572269303201501,0.013888888888888878,0.026487093153759453,0.01820987654320888,0.0,0.0,0.06041740586078572,0.0317561205273066,0.05708367537463572,0.036474749727425836,0.05872930926311001,0.032868108221214457,0.0,0.0,0.1503807375478077,0.1263427560364414,0.09237056589793458,0.0683933342092582,0.17262015405882808,0.6266043073305763,0.0,0.0,0.0,0.0,1.0,7.5124426,-12.132043,0,0_Flyweight
1011,Josh Sampo,Flyweight,0.0,0.009043226623257499,0.23546862766128998,0.04058903930597404,0.14092113198014966,0.25640046522063964,0.19180526492073716,0.113966264717426,0.1927431469384163,0.10005490128731123,0.27328898106990057,0.23630123245427556,0.199887139322903,0.14437324162754184,0.043614512125159856,0.07731663513096523,0.128560132661856,0.12427766382041244,0.16760450080228417,0.0832810532952422,0.17163843006433332,0.07665012641448721,0.157017636634598,0.087539690379285,0.02674957604620463,0.012885170299952628,0.070748378245899,0.06530244379752898,0.08129638039978501,0.07751073600123534,0.19129146151569612,0.11793170783925991,0.20400859528638757,0.10942603108111039,0.04886039283160761,0.02659362003481598,0.0047066582615684,0.0032597420018468,0.04733042979001972,0.03605995194397384,0.030230088666806293,0.02684623622568021,0.29527191102127454,0.32107016322825366,0.0,1.0,0.0,0.0,0.0,7.8070793,11.649639,2,2_Flyweight
1020,Juancamilo Ronderos,Flyweight,0.0,0.0,0.0,0.21739130434782625,0.0,0.0,0.4695652173913044,0.2483277591973244,0.39173482565647866,0.1847826086956521,0.4402173913043479,0.23478260869565215,0.3420837393106803,0.171389692698481,0.3188405797101452,0.0,0.0,0.0,0.419254658385093,0.1289471634271055,0.28868630201028506,0.0869565217391304,0.144927536231884,0.144927536231884,0.21739130434782605,0.10869565217391303,0.3886693017127801,0.427536231884058,0.05434782608695651,0.08876811594202906,0.5075614366729679,0.26086956521739124,0.4656261612783353,0.2497139588100685,0.34945386843020815,0.2611633372502939,0.0,0.0,0.0,0.0,0.0,0.0,0.0,0.17048346055979635,0.0,0.0,0.0,1.0,0.0,-0.67540765,18.234924,1,1_Flyweight
1037,Jussier Formiga,Flyweight,0.0044733885205555995,0.0171312704782975,0.029207614526168938,0.0035713796826840035,0.005883390377864621,0.06209933492815865,0.11921299445389537,0.06927176024503805,0.22191153999190874,0.11089987629899388,0.1646338994734443,0.13233186310717274,0.26108703197252964,0.20317424080888857,0.13482349364569815,0.07893180461014693,0.116975147572788,0.02317986282951353,0.11754995292813651,0.05783958810902358,0.186933952988384,0.06763860535653271,0.052904813203351,0.035956379568376995,0.07120040834146502,0.04489677404792063,0.029896305016182345,0.035220570994039566,0.050991795288725265,0.05662510984405054,0.12980688871567347,0.07098326900991495,0.21071343316371463,0.08830100149914812,0.03609816507429041,0.03200959962092221,0.0465656154515024,0.0328454836254952,0.01513953195090945,0.016776510451302334,0.035563393815123134,0.03568197051737152,0.28839931272278957,0.13453577076688422,0.0,1.0,0.0,0.0,0.0,7.3356147,12.130601,2,2_Flyweight
1050,Justin Scoggins,Flyweight,0.0032408287871816418,0.0,0.02618597672512186,0.034096430440320034,0.0,0.06760225586830032,0.23486629093568562,0.20985262369178603,0.12689170007318573,0.07203887712100344,0.27860461990344965,0.2654777078433057,0.17947143523767792,0.17063930523926588,0.1720013843489438,0.20172261153886953,0.168731013462568,0.05401026068578307,0.20624727034800508,0.17050158751212446,0.09282164729845066,0.0387482712633975,0.186115806633238,0.131865284049951,0.046307978767540885,0.027386812334951632,0.08852769775434924,0.09241799771843659,0.06829360048937326,0.06377650940344573,0.1897532004557256,0.1481365888158384,0.12118989208720056,0.06438670521915585,0.0934950334503099,0.08861103922163645,0.0262451963976864,0.017414828468922,0.0985722698335256,0.11958710911308174,0.01968416724611848,0.01930049738498156,0.5240619287703052,0.11837282718854285,0.0,0.0,0.0,1.0,0.0,-1.8303323,18.57743,1,1_Flyweight
1059,Kai Kara-France,Flyweight,0.03135085095890082,0.016438292499255,0.0,0.04412448075568805,0.035808133043148775,0.03257574588685081,0.405777514204244,0.25750951072623296,0.3086258452823124,0.15716193403778608,0.4153949361822486,0.2809590474197178,0.2893485107030728,0.17309663711033996,0.04351636383078165,0.015218320449239726,0.22273627927311201,0.04840222258991716,0.3845157553845437,0.20479770512145765,0.2913171967255619,0.1234490762049369,0.167335747925846,0.103262113313879,0.05055986392627051,0.03275262878011876,0.18774443259073129,0.21810250961747465,0.05575377514885426,0.06841859570364463,0.44151574976265534,0.29331241109200124,0.3541954787717444,0.2004102088500973,0.0333702665721901,0.02570715902821415,0.0151823929289032,0.008222385128358,0.07949784214002245,0.0677669156739164,0.005312445225366852,0.004863712922981477,0.17743120025065015,0.1336132233919081,0.0,1.0,0.0,0.0,0.0,4.5348964,12.154241,2,2_Flyweight
1115,Kleydson Rodrigues,Flyweight,0.0,0.0,0.04919811320754674,0.0,0.31592592592592345,0.0,0.32174999999999987,0.28038461538461545,0.27244224422442237,0.22351851851851828,0.3190909090909091,0.27899999999999997,0.4156061376406325,0.4680431031019031,0.1711111111111096,0.08666666666666595,0.0,0.0,0.23399999999999999,0.1542208074588181,0.20734767025089587,0.1399999999999998,0.444444444444444,0.355555555555555,0.1041666666666664,0.07500000000000002,0.14303030303030276,0.16388888888888878,0.10833333333333303,0.14972222222222212,0.3776006441223831,0.34999999999999964,0.23458689458689458,0.19144736842105262,0.07501609708968396,0.08009009009008936,0.0444444444444444,0.0311111111111108,0.01652227842704017,0.024547385091602536,0.08606557377049158,0.09573643410852709,0.22295448766844642,0.29550466497031375,0.0,1.0,0.0,0.0,0.0,5.4135427,12.82561,2,2_Flyweight
1137,Kyoji Horiguchi,Flyweight,0.021520784596835044,0.0,0.0,0.043276069890480044,0.0,0.06280615380747452,0.26373293982866564,0.18937073348512198,0.18052225839767083,0.09815085424461203,0.3143030570093661,0.2623043345966065,0.18850764525578062,0.1409465123073872,0.08730147703702931,0.06454689012653711,0.17717053699712398,0.14537273862121425,0.24930220809832174,0.159054502485286,0.14359001195473162,0.0565277108231418,0.16738755245748901,0.110037495015647,0.05575379931806889,0.03206197977276076,0.06196670472094708,0.07508342140890228,0.07614151622442678,0.08880081866422893,0.2376640451264136,0.1669316612223231,0.1838336352641494,0.09504216652057784,0.09387815262983502,0.08284360993419024,0.0415586781280944,0.029205872106902,0.08592376538736735,0.07420422583878115,0.009311583672603194,0.01141884091118142,0.24450149938030666,0.22183814255912784,0.0,1.0,0.0,0.0,0.0,6.905536,11.491057,2,2_Flyweight
1178,Louis Gaudinot,Flyweight,0.0,0.0173128848496625,0.028253896401932422,0.01845326381483702,0.0,0.0,0.18366407114287173,0.11132935392895443,0.44914722664078177,0.3581310168745858,0.21804801921462152,0.1606447447641653,0.6152880366896946,0.6371442215988273,0.04562102040897945,0.026857426357690544,0.26351851244832003,0.28153866540323036,0.1688064346478742,0.08529687796366765,0.365813358149704,0.24290590968601533,0.08607748850275401,0.059266841827788,0.1817547279089843,0.1375781633212234,0.09814924487957345,0.08616569610758483,0.07276852813574251,0.10710218665524608,0.1896090683629539,0.11973127909042396,0.2694830417710373,0.1874609962010622,0.10341539332855715,0.06002534629544029,0.098837810885698,0.0825425215750428,0.02048057889763998,0.018256973188753526,0.2803936236273728,0.25760255705171214,0.08574930373966272,0.5870490518091495,0.0,1.0,0.0,0.0,0.0,7.555838,9.599598,2,2_Flyweight
1180,Louis Smolka,Flyweight,0.0037978718382191694,0.0038657155400025002,0.13177699705705312,0.05860780163512207,0.27083343950065825,0.1190451662218483,0.3188638437453104,0.23311622715645222,0.2263375088713623,0.1434737814381282,0.33849341821902285,0.2675049769144338,0.24476720659748258,0.20507964999397657,0.12272585235443734,0.08031302040962082,0.319489944095656,0.31573442128819496,0.31211283729550016,0.20387381765265944,0.19061552760457642,0.0971653707490389,0.184741051832086,0.135535091276651,0.07638220523005203,0.04909064080054014,0.04426018754920399,0.05883725253624312,0.04465267910843326,0.06319175669117386,0.25102760681000874,0.1517116227868656,0.20597813092699252,0.11960208445116444,0.1462953098491394,0.12901621209333106,0.064141327238528,0.0466841827028536,0.1354087175166607,0.13421052919039123,0.035445422959622296,0.035056811188603675,0.35368171874749016,0.29499340749162534,0.0,1.0,0.0,0.0,0.0,6.468247,11.037732,2,2_Flyweight
1227,Malcolm Gordon,Flyweight,0.0,0.020259682964517498,0.025761442189839036,0.05070439522109706,0.2987511008197496,0.05092897986225077,0.14834758476556137,0.08351009583739535,0.15837210264648352,0.11837958979492451,0.195239314785189,0.15099538285649308,0.22726191872275833,0.24635630327222163,0.10809470890673631,0.05340538749856059,0.1564884828302,0.22824203714743618,0.14530411346984637,0.07496103590729586,0.13718244666691792,0.07907766314505721,0.026482473822647002,0.026482473822647002,0.031280012699426256,0.02684997901295401,0.08393115935274775,0.04564727141258649,0.06196362180389551,0.10120724894636277,0.15409090846474685,0.06888824674302871,0.15947935389768433,0.12542688758071735,0.0348101037464719,0.033897335902510865,0.0078756154426168,0.0063004923540932,0.030485783865719953,0.038333437056779655,0.032737052487856924,0.03377749618609162,0.2178044063695864,0.44691527289989186,0.0,0.0,0.0,0.0,1.0,7.442069,-12.470045,0,0_Flyweight
1231,Manel Kape,Flyweight,0.024237868625252807,0.0,0.0,0.00958209783524401,0.0,0.0,0.27197072553106166,0.22272603071389038,0.30690153172484735,0.21972403552383318,0.2599158988994308,0.20741202240909973,0.28595450427903146,0.22914101262080686,0.0919658799987027,0.04658012103830287,0.13887241558104801,0.03896719786332564,0.2518044273075748,0.17816591763688971,0.20539524407065446,0.10107743534901781,0.130693080670598,0.10192339371745801,0.13943608626612228,0.09824590918481403,0.1333704749959247,0.16576756247029323,0.17863925076155254,0.21631383238004182,0.34052908075028415,0.3125295456202602,0.3555939003994309,0.28624552411769,0.006161242127413042,0.003837155394383749,0.0061429910125952,0.0049439502452092,0.007144538145629916,0.007608233622524153,0.007659070461840484,0.007053516520535686,0.029672908373777198,0.06399496036552225,0.0,0.0,0.0,1.0,0.0,-0.6608009,17.831367,1,1_Flyweight
1254,Marco Beltran,Flyweight,0.011166968953465565,0.0125691302161875,0.019595277613930213,0.10016115249843612,0.03145779289258094,0.0,0.1661863634017515,0.10295788506866715,0.12648712310282675,0.08440306349051581,0.18970154202764358,0.1381105586428778,0.1431857140386613,0.12720872546535228,0.024340144559332828,0.017259375232979126,0.193096249906804,0.20981223726694487,0.14849653812972977,0.07402003046369289,0.09911444442039441,0.048937884601047005,0.11184136323926,0.070807693263519,0.04661450716583776,0.032886436235798636,0.07206617036632601,0.0762444394741406,0.04360006652558626,0.057660406953070314,0.139794223660784,0.0701486502761385,0.1001706249929843,0.056915578457179705,0.11097694013012067,0.10367286879811974,0.022368272647852,0.01971298415047,0.04958843934767721,0.03901531983487196,0.05041654174316011,0.04533305938875653,0.15037254149110005,0.3982195591557706,0.0,1.0,0.0,0.0,0.0,8.155995,10.749554,2,2_Flyweight
1275,Mark De La Rosa,Flyweight,0.0,0.0049673397412,0.0034722447602735305,0.05458043085894006,0.0,0.23530230192521095,0.19920909781202692,0.10657179759109077,0.2285297193591408,0.16414544233486175,0.21860457271982411,0.14059476259291606,0.3478581376092996,0.3543113104408543,0.059927388767510074,0.013865704875987922,0.100796127150788,0.10587871599948742,0.19129662884082385,0.08183441975703562,0.1862508463541228,0.11926535351478779,0.070998669885481,0.05594030841443601,0.03568296942679876,0.018645214017369755,0.09242574173245759,0.08289748440413143,0.15017917439024103,0.16177975509977768,0.22892039359007746,0.12053031938493886,0.19350790304755947,0.13510819254705972,0.048860658414600466,0.039631107197714364,0.009912513696964,0.0059809932462104,0.015065926087032522,0.018225720245040627,0.0978049196565207,0.09592389566136045,0.07308345996987602,0.48619207544050547,0.0,1.0,0.0,0.0,0.0,7.4976287,9.99305,2,2_Flyweight
1301,Matheus Nicolau,Flyweight,0.034119707290008836,0.014121788404285001,0.07080828623424107,0.0,0.0,0.0,0.23356058287695855,0.19173116604203158,0.2862123632917812,0.13645458572159508,0.27983257479206175,0.2493410146592874,0.281024826803726,0.1716035555906013,0.0903123643396657,0.08106625611192042,0.080123924220632,0.00790114725851801,0.1761645650696669,0.11482830864658516,0.24503827535069286,0.0816088449312225,0.29023722412347697,0.20753844579092,0.07151960803149152,0.04007425571383951,0.10935752932020151,0.12574018608619675,0.09230267181607277,0.12582006260311718,0.26517990222422383,0.2388214041427719,0.31664412654281865,0.1606668745941772,0.008615090143535755,0.009174696728658874,0.0100993193971044,0.0070298082217936,0.03635771569745141,0.03405897866021447,0.023979737249610025,0.020143417567167036,0.2501059707218624,0.03425182052744627,0.0,1.0,0.0,0.0,0.0,5.8847528,12.492328,2,2_Flyweight
1314,Matt Schnell,Flyweight,0.004601757040123681,0.0290210479016325,0.07047474712776473,0.02945845366007703,0.0157686088366391,0.02869036449526863,0.34738044892103065,0.21107980219712563,0.31866619933861395,0.23452468578255503,0.37355027003835345,0.2631962636501868,0.312773331236818,0.2746991881199778,0.03634725495679744,0.03176213431131785,0.17331376051706,0.14115162595280975,0.3263367662125574,0.1609251228849651,0.28323804601832164,0.1785439246095258,0.149289412001646,0.09567511070528,0.04993701604869751,0.03962120437237688,0.1674231812101315,0.19129822973826532,0.12490088534476203,0.15549075032708998,0.405541679399569,0.2594031196580028,0.30422761076575067,0.21032984607035304,0.09915533694939553,0.08173137385098968,0.050750160181622,0.0368359876165684,0.014689258391962834,0.014605830494916046,0.06133748143614655,0.08449810479871438,0.0414209337010829,0.22294209140709267,0.0,1.0,0.0,0.0,0.0,4.811573,12.060736,2,2_Flyweight
1410,Muhammad Mokaev,Flyweight,0.1569259092151737,0.0,0.28633984189077794,0.007434944237916007,0.0,0.0320528707145716,0.10573317443109223,0.07260339585374712,0.09825977628109267,0.045601022547918285,0.16346100434977873,0.15397974511591703,0.14076787458263462,0.12681455738688094,0.30807159690908953,0.2788243785457616,0.258672830428656,0.39447606640370086,0.07436014936563397,0.04199591328682341,0.049214214127065,0.015399182000915699,0.177236703143798,0.09617229630910201,0.04110531704757076,0.03579685999252276,0.025309007373562196,0.02783990811091841,0.12345534631152377,0.01734095971315682,0.10793273972218818,0.08724190651645455,0.10455489415880444,0.041204017130268694,0.009102165253437773,0.005668730717042253,0.0106189836839964,0.0106189836839964,0.028743301694076562,0.015225547465839158,0.008299101605603328,0.012146894745742778,0.5727679658597485,0.055874743226208515,0.0,1.0,0.0,0.0,0.0,7.850007,11.978093,2,2_Flyweight
1419,Naoki Inoue,Flyweight,0.0,0.0,0.2459905660377337,0.0,0.15796296296296172,0.14370370370370408,0.26100000000000007,0.21461538461538443,0.15874587458745867,0.09444444444444434,0.4663636363636363,0.45299999999999985,0.1877116821150612,0.15384495375362833,0.048888888888888454,0.0,0.177777777777776,0.13555555555555437,0.2442857142857142,0.18585584488626805,0.1234767025089604,0.0633333333333333,0.033333333333333,0.022222222222222,0.01249999999999988,0.004166666666666626,0.21454545454545468,0.21305555555555497,0.15000000000000005,0.13611111111111113,0.21618357487922696,0.1749999999999996,0.15044159544159535,0.08934210526315775,0.08573268238821025,0.09343843843843758,0.0444444444444444,0.0311111111111108,0.109047037618466,0.09818954036641102,0.01721311475409819,0.01007751937984486,0.5930129672006103,0.0875148430873621,0.0,1.0,0.0,0.0,0.0,7.1069794,12.79636,2,2_Flyweight
1431,Nate Maness,Flyweight,0.01303150944744872,0.0086073334480975,0.007622362177100742,0.005164400068857006,0.0,0.0,0.11364262351523495,0.06650158242514903,0.24129508836578256,0.23021747862512185,0.2335599931141331,0.23611637114821823,0.3145974820858294,0.368565953332631,0.018936133585813423,0.026854880358064243,0.30986400413152,0.1680151489068634,0.11513661067801181,0.05636471636669068,0.18986111650997609,0.1724909622998793,0.060251334136684,0.051644000688585996,0.08198485109313115,0.05680840075744501,0.0036933285340927475,0.005078326734377527,0.09425030125667028,0.10543983473919694,0.12504334852714785,0.0658461008779479,0.15170094150985863,0.11930443685388348,0.04150855039022873,0.04342981301149584,0.0351179204682388,0.030297813737304,0.010751284636634757,0.01369143186379635,0.15521138764325546,0.19282428629192058,0.026530283435354116,0.6180722464089022,0.0,1.0,0.0,0.0,0.0,7.69321,9.66175,2,2_Flyweight
1440,Neil Seery,Flyweight,0.009043664774417103,0.0051250512505125,0.07451996542711842,0.03738078961368004,0.07489764439655286,0.023331418851366695,0.2634525241300967,0.16343872864388204,0.25933406417209987,0.1358526168681108,0.2935482465913595,0.21517928890549232,0.2708137903761005,0.19029812465742704,0.05758347621354907,0.03424394057990106,0.40052411061300397,0.26626830335107465,0.26476112075613073,0.15703436057897077,0.2373930482006766,0.0908919664609869,0.09026469689628,0.038488605443905,0.047208202453925256,0.03563987906149688,0.07155722545204365,0.06621365466839932,0.06386001811980901,0.09979698337789157,0.2826059799090624,0.17595368838502426,0.24095809106180335,0.12484408048666691,0.10889968058713022,0.07677536660543624,0.0536218158324832,0.0363923394743588,0.029358340600872536,0.030798227745998195,0.04931906764451042,0.0283184019796665,0.06927326311263243,0.4340654782294358,0.0,1.0,0.0,0.0,0.0,6.641085,10.169339,2,2_Flyweight
1476,Ode Osbourne,Flyweight,0.05376790014124189,0.0218244893060125,0.0,0.051556232045145055,0.0,0.0,0.3203244408678509,0.24004449500102268,0.24768062819119932,0.2137081270545264,0.3372244741860515,0.2661934363589319,0.3026591050563786,0.33474497115237684,0.06704284586475527,0.01697838304367013,0.13748328545372,0.10483100515846162,0.31362564173675606,0.2183707072716267,0.17801206250051185,0.1143385812266778,0.16996729142141098,0.117680247579324,0.12057582420985466,0.09779732715933077,0.06083358404362251,0.057893280678886175,0.08425687599427277,0.13761956412397897,0.35044808071864214,0.2543467753438466,0.22281324363140417,0.21078246490571872,0.029171761298142886,0.031105718096404385,0.038310197637004,0.0278619619178212,0.05969258701022071,0.0792710068439837,0.06697574389909332,0.060818193486040784,0.02365193620520032,0.2809131535917893,0.0,0.0,0.0,1.0,0.0,-0.834396,18.111563,1,1_Flyweight
1490,Paddy Holohan,Flyweight,0.04288301809647824,0.0,0.11107182275540783,0.06627026089032308,0.021919005036486163,0.032377214615878676,0.19311314017314055,0.12793482932102276,0.1405264290570683,0.09218891014647519,0.2779663239838989,0.24657482639190337,0.1533290219914694,0.13168935683702407,0.11650283527283953,0.07688119771966152,0.071074444480488,0.04335541113309285,0.16077065888666447,0.09360285331566827,0.11420503267814466,0.0592296051044154,0.11030818123248799,0.04165822335386,0.04767948113061751,0.03618550802331451,0.15945975397675088,0.156334123448811,0.04202954911170451,0.03852125073762775,0.1878944236105715,0.12527225119749555,0.11166052297834825,0.06038388676521266,0.025660732532952646,0.007276723418718728,0.023360535153892,0.021939046264282,0.0602992298229112,0.055768517322544134,0.05666532699068094,0.051163186943504545,0.5708413958697998,0.15114906740996195,0.0,1.0,0.0,0.0,0.0,7.52469,12.555157,2,2_Flyweight
1522,Phil Harris,Flyweight,0.0,0.0395816719829875,0.0,0.06998836005823209,0.0,0.11934982823727537,0.2847786960901968,0.10157608110809657,0.2847896894921658,0.11106985504286482,0.268280880629208,0.09682313749803634,0.2726264156238381,0.13343340927770223,0.0920318341343127,0.08914613636133285,0.052821896119532,0.0,0.2615350193575873,0.05653768780767916,0.21916303240832358,0.0515988667592112,0.09586063069471801,0.036939189300047,0.06531454344595164,0.021618321371610755,0.19348173376080902,0.1921136406600252,0.19174001405942928,0.1988985626242278,0.323078369008389,0.10753628873687686,0.3149018629869856,0.13999530300685176,0.12002221042675976,0.09352408553098608,0.0158265536253436,0.0042220450115184,0.01085153476444206,0.004077453981837074,0.019612653727927313,0.0071799311969140125,0.17175438710741278,0.12152683345793396,0.0,1.0,0.0,0.0,0.0,5.9802585,12.2206135,2,2_Flyweight
1576,Raulian Paiva,Flyweight,0.007509924442482865,0.0,0.03670535014963031,0.0,0.0,0.0,0.3987413784519385,0.22738620348053437,0.35341447995702385,0.1845686142417865,0.3790959104789263,0.22142020711630372,0.311522340340137,0.17577666870581313,0.07294929289352989,0.0,0.34764068370016,0.1570833087468774,0.3509446362187998,0.1460593867609778,0.3022017666875413,0.1090727341122321,0.31683631321177697,0.203845444621466,0.10139294565409802,0.06958786031450964,0.1457079804059352,0.17056165299659598,0.08914096152711377,0.12528715751067002,0.4729946921405154,0.29401099752168497,0.41004967252101704,0.23700701082787487,0.05781601562707968,0.038562436739712914,0.0108471017485884,0.0063407486084064,0.025538751045372492,0.01962916287723003,0.0051368913401180025,0.007518558199914314,0.11898851478317753,0.05401805467907655,0.0,1.0,0.0,0.0,0.0,4.4916797,12.320882,2,2_Flyweight
1578,Ray Borg,Flyweight,0.0,0.0,0.09943567321712186,0.004318151262843004,0.0740254782773976,0.10637819677350933,0.08587737182109775,0.06568482330241707,0.1186602436177078,0.08796959975005507,0.12727126583182188,0.120934189939322,0.17058259698149303,0.18415486475279244,0.17370258045130998,0.17375787117447358,0.131802266564576,0.0896926662564995,0.0777210466105339,0.051747609894269776,0.0834942644975054,0.0415276461073224,0.074978820542309,0.057860071781924004,0.06731284068753113,0.051982869575950885,0.014240758495776008,0.011178174116443203,0.027671165052648005,0.040957222974191694,0.04804310580387879,0.0221921848199457,0.08927420199605307,0.046527364119405855,0.06584766151180045,0.0475057503192432,0.0555391739349864,0.0448056802474628,0.05074252522786484,0.05389749150488813,0.026873693101829292,0.03489682554462589,0.554432136136839,0.25039418834486754,0.0,1.0,0.0,0.0,0.0,7.9914474,12.237221,2,2_Flyweight
1603,Richie Vaculik,Flyweight,0.0,0.0068898994074674995,0.049358394752048576,0.0,0.09882907431162362,0.12555155595827253,0.1443723148258351,0.10878073314996638,0.25581658619279,0.21731610877401167,0.21153682148534542,0.20675878233059244,0.2861112709673276,0.2995036417694879,0.15058349818422256,0.08694901625864625,0.247303934425268,0.23729067596695577,0.12162873064985265,0.07460689433911102,0.22070780850737595,0.159862389419979,0.11436642786984699,0.081856431269729,0.05489423872389939,0.04968051264649801,0.07833808825594668,0.0850839687960724,0.09450571540934777,0.12451148982455537,0.15830821411638932,0.1189965878701794,0.19471386142029543,0.1521875820135245,0.07768042031451919,0.07847307840947931,0.0425445938685388,0.025306279540084,0.006593722091912053,0.008578658207201545,0.11468998209455548,0.1388882884325784,0.20383344550678806,0.44359959756835954,0.0,1.0,0.0,0.0,0.0,7.3030887,10.073975,2,2_Flyweight
1624,Robert Sanchez,Flyweight,0.0,0.0890932693249725,0.06398598538553776,0.10691192318996712,0.0,0.0,0.05207823062604082,0.031208785825715176,0.16532044112611505,0.1252612586133697,0.13263040293203407,0.12326834525325761,0.17449093567218193,0.1588143844079499,0.1737777995493278,0.3080606446556267,0.0,0.0,0.04792614312306672,0.03050919953722522,0.17954155434126476,0.1326295679435679,0.035637307729989,0.0,0.0,0.0,0.015501839201261044,0.02131502890173393,0.0,0.0,0.03898166646078351,0.029042568825315748,0.04929466454645243,0.019178498502059854,0.0,0.0,0.0285098461839912,0.0142549230919956,0.03179571411806973,0.015746448896567865,0.1766675714352251,0.16161104668250917,0.6579419292947206,0.22236591861445176,0.0,1.0,0.0,0.0,0.0,8.085483,12.279904,2,2_Flyweight
1635,Rogerio Bontorin,Flyweight,0.0,0.002221037668798863,0.06270675004814044,0.0,0.08803762508224587,0.0,0.16344461961846352,0.13331594743825487,0.19610692746804956,0.16230810040878518,0.17938905198829358,0.15763743017992146,0.20685027231355135,0.20766332400812884,0.0939011451715261,0.0611807940872506,0.364049791550604,0.2842453025123498,0.1518443671609641,0.10675314508177482,0.14608578972153421,0.0873932232583704,0.100327496276705,0.08702761125245101,0.10998941938540464,0.09593625746785202,0.054375249475971305,0.0603902865170524,0.019283516235741004,0.03149640985171034,0.1852254450822439,0.15323747748574634,0.18115558029022447,0.14533032170397533,0.06032971510512043,0.06825397252494415,0.0614199581816156,0.0515520692640012,0.009096210520394965,0.013514369916015376,0.02255308796957787,0.029211495207054836,0.20844850394329584,0.23873317294626736,0.0,1.0,0.0,0.0,0.0,6.9515753,10.695413,2,2_Flyweight
1671,Ryan Benoit,Flyweight,0.017058342583761404,0.0,0.03191226457443799,0.10712871294855011,0.15791665296553756,0.08252196351070558,0.24083032278436278,0.13537973343300547,0.26599990335875584,0.15846706330623342,0.2376767974470321,0.14252091562144237,0.31686424364051285,0.2658338439880127,0.02823182413249003,0.015126882348501325,0.36491210827153203,0.21619122691135284,0.2348921911109176,0.11800253758643464,0.23282955596785027,0.113799325508625,0.112127204862877,0.066666419153649,0.06521941933662377,0.04169208194604676,0.06671514236382114,0.053571179768602595,0.07005506648922377,0.08426229548317377,0.2679505793198409,0.15396267091516694,0.2707020552667391,0.16914025769371213,0.06697750875908577,0.055754586786699055,0.0222713478201912,0.0138564611422032,0.025862042664976905,0.020326591259884425,0.0441420875790171,0.03760030156206244,0.10791848351126464,0.35122328017898746,0.0,1.0,0.0,0.0,0.0,6.7206655,10.255466,2,2_Flyweight
1710,Scott Jorgensen,Flyweight,0.0,0.0063981415828674995,0.02092339862352643,0.05321199736535706,0.08934051880049303,0.06111555261449557,0.2607123650733307,0.16085826319861976,0.27337305554233093,0.16947521921630662,0.27139465263963125,0.18181837729213698,0.2696336046592893,0.19821740219080994,0.15385175907556858,0.09817154721867496,0.36236976454034797,0.21731206323386976,0.24812983941276415,0.11969836286475152,0.2420328795275459,0.1213987919649786,0.103369445912942,0.07613622652009899,0.07770361225853552,0.05451824954877901,0.12007363632751275,0.15320471139859065,0.04080896062576126,0.05892641246396422,0.2885281574383202,0.17216868178922085,0.2977134407494979,0.2006903218898999,0.12471747462023607,0.1165992749216861,0.0341561727753568,0.0218067514847464,0.013667381868163323,0.01620775359638125,0.010299884159785914,0.008839069529459757,0.26051631495267435,0.18807072960065419,0.0,1.0,0.0,0.0,0.0,6.0109525,11.01891,2,2_Flyweight
1733,Sergio Pettis,Flyweight,0.0033446705880513608,0.0081224823074825,0.01681175391259344,0.006828012598512008,0.022156217535659332,0.029436320980252104,0.34033292129116044,0.1939772778544785,0.2635138246465379,0.13345569226785692,0.3497571499579245,0.22126336737559735,0.275019836705107,0.18415910975047098,0.06748430069202807,0.04587754441119728,0.24951098585534,0.11361964249550234,0.3500017951905814,0.18095228485035728,0.2299451561074533,0.08661651726003,0.102420944448547,0.058967898103668995,0.06597187622071427,0.04180471521648076,0.07067344068827575,0.0814659236520044,0.06920996953192428,0.08675342883520365,0.3939557187249747,0.2374432027695036,0.27646763023742404,0.14388273507303756,0.051934301012184186,0.043770179084950074,0.0203286830829052,0.0140159124819584,0.03218173616150323,0.025873773249798285,0.03387297847033656,0.027301856509390012,0.1310450119623391,0.2752288677936667,0.0,1.0,0.0,0.0,0.0,5.2512755,12.005485,2,2_Flyweight
1793,TJ Dillashaw,Flyweight,0.07822526218778035,0.012780758672322501,0.012326539993690178,6.363863239331176e-05,0.0,0.0,0.4335620008734715,0.30327417884087454,0.27615776969511263,0.1514564096165042,0.4798347692674183,0.3687531569752934,0.24940833024197556,0.15274883414126328,0.07612153730970808,0.059132642874965495,0.15095582730222,0.031177439480902736,0.3880266462262469,0.25419210479661924,0.24248798473638866,0.11628874469678038,0.21403918143249298,0.120643873221861,0.08112287871225339,0.04040725605190913,0.26855661682963866,0.2044257237334651,0.04316009483403976,0.047983497629148955,0.4074096273550273,0.2286369478412775,0.3031195184068905,0.1816241642914372,0.18457987629872155,0.20372904174451376,0.0310097329673072,0.0169163963064636,0.112777476978518,0.13070333912737256,0.00990709905206855,0.008124764220753035,0.1713871525745277,0.009547797080300298,0.0,1.0,0.0,0.0,0.0,4.765728,12.671254,2,2_Flyweight
1802,Tagir Ulanbekov,Flyweight,0.0,0.0046296296296275,0.020499213836475225,0.01666666666666502,0.039490740740729766,0.0,0.252375,0.16038461538461518,0.22649889988998895,0.14743827160493816,0.2981249999999999,0.22275000000000006,0.2556970028810929,0.21365554917695193,0.22814814814814688,0.1841666666666661,0.285185185185184,0.1920370370370343,0.25821428571428556,0.14960736450064832,0.16793608124253265,0.0663888888888888,0.07037037037037,0.05,0.05034722222222214,0.03680555555555551,0.0645622895622894,0.06555555555555492,0.17847222222222156,0.2461342592592584,0.29473027375201283,0.19541666666666657,0.23862416904083578,0.15953947368421026,0.06519256056603495,0.05895520520520517,0.042222222222222,0.03037037037037,0.012667080127397413,0.013910184885241364,0.00860655737704894,0.012596899224805847,0.41669887278582934,0.10787814532089333,0.0,0.0,0.0,1.0,0.0,-1.6941907,18.210318,1,1_Flyweight
1814,Tatsuro Taira,Flyweight,0.022666005450077336,0.0,0.14966814631370579,0.026947681060086028,0.25540413271392676,0.3928459370954211,0.18323312200137074,0.18299770654294295,0.07881421109897128,0.041354238062599934,0.24729671630631195,0.24453495544893755,0.08876612887437685,0.07043311254237068,0.15912344832838318,0.07512794151244992,0.179651207067244,0.10958723631101652,0.17603975325565452,0.16093295363677218,0.06737988900926378,0.029533927347498,0.071030386109207,0.062047825755844,0.02792152159012988,0.016531014393420005,0.07847958682091648,0.10790943187876013,0.009307173863376003,0.004198080877312355,0.09302265134282277,0.0837645647703903,0.08817543726042683,0.04670056094657477,0.030548511484969613,0.03393353257301086,0.004112405757368,0.004112405757368,0.15304340767802363,0.16481575350057598,0.004247238733019204,0.006216427307649,0.5217716804452649,0.20373572008666627,0.0,1.0,0.0,0.0,0.0,7.7910447,12.19803,2,2_Flyweight
1843,Tim Elliott,Flyweight,0.0019411570779698005,0.0,0.05321430159668613,0.03023747313774603,0.09690076809606578,0.08989299291500927,0.2756803297739233,0.18756767129784316,0.21995406481350105,0.13110855508516853,0.38884774347499507,0.33831628753787024,0.22093249215638255,0.167070235595593,0.19834224901537442,0.15673883218280846,0.15410062625864,0.09365203537962861,0.230271383538866,0.1307458497830015,0.19985706191802483,0.0955288298022207,0.212902781497467,0.118894882020593,0.044785988467744134,0.03272842032801301,0.16464406729755496,0.17080699654153159,0.04999163028709951,0.0698627992807877,0.2667912758520088,0.17144642711568328,0.23171578632640052,0.14642419235923923,0.15738817004634698,0.1293386817560688,0.0296119442683968,0.0168393927664316,0.050495333690527035,0.050113197914564166,0.017198426935684345,0.017334092642959816,0.30678499796767833,0.20277852170919514,0.0,0.0,0.0,1.0,0.0,-1.5421445,18.480408,1,1_Flyweight
1884,Tyson Nam,Flyweight,0.025930719647710054,0.0,0.0,0.0,0.0,0.0,0.39617548602492586,0.1985482900505705,0.4980326441306675,0.2731741554480735,0.3628074792461007,0.17595883957154126,0.4378123914532345,0.25922026185388375,0.010649009464599011,0.0,0.01936183539018,0.0,0.38154101948262825,0.15408813443388847,0.45134018130839487,0.20058693910256403,0.20803369830812501,0.11846594277422001,0.07160852418151276,0.03597388511606476,0.10700928701626072,0.12668629074714133,0.17703911300299954,0.2444984695657806,0.4655455170351079,0.2404598914354644,0.5789128498290551,0.35274320857375346,0.04525354739238756,0.029934541284812297,0.020203429628942,0.0150769320981924,0.03418377404571959,0.034483437182010454,0.0019854672813763826,0.002357235823958721,0.03855934334895379,0.0029201500006925175,0.0,1.0,0.0,0.0,0.0,4.644955,11.60992,2,2_Flyweight
1902,Vaughan Lee,Flyweight,0.0010708885170286663,0.033951534184950005,0.007516581400802645,0.01909773797903402,0.0,0.0,0.4843568306242838,0.3505022541859957,0.3347965828285072,0.09318988810140175,0.5067324349037204,0.40116708398760764,0.3072730112704862,0.10094678881984794,0.031744684462928836,0.0066205491660633106,0.32423715146628,0.09060815685608771,0.3497505168514802,0.20012722346599518,0.2987255853559365,0.0567839409243303,0.602215337605568,0.370496116793277,0.07352629121928415,0.03469422399524664,0.29865004070325984,0.28356957942536903,0.08498493400670477,0.057706998259983336,0.6018973495045965,0.48164495183126055,0.364152512032663,0.09034905304257107,0.06344538679898226,0.06016188917347434,0.0129015829902812,0.0035649110894196,0.0017670136076110294,0.002062717925619216,0.03563450060284831,0.038106649269794964,0.02883976944422125,0.17894143133577575,0.0,1.0,0.0,0.0,0.0,4.366793,12.569724,2,2_Flyweight
1907,Victor Altamirano,Flyweight,0.011274953586570904,0.011170688114387501,0.0,0.0,0.0,0.0,0.35521648793565685,0.3274401938544028,0.37169148550243747,0.2664194221030681,0.38166097977089924,0.3623967828418229,0.3391775241962985,0.2741364494011859,0.0882097110515325,0.03909294012510907,0.36085790884718405,0.12229073577598823,0.275242818843355,0.19048872402695,0.3153655817886554,0.18716711349419102,0.5057789693178429,0.46121537086684494,0.10443476318141177,0.07268766756032138,0.06335066482519489,0.08051645814715433,0.10697050938337803,0.15016011319630562,0.357504651755147,0.3414008042895438,0.34438458101326735,0.26149646065566035,0.12463417432977816,0.13115736379811432,0.151057491808162,0.0877747989276136,0.07341118508614998,0.08094714118678635,0.014518085527183163,0.01719662489348836,0.14334967270139445,0.08544893091114154,0.0,0.0,0.0,0.0,1.0,7.340582,-12.5160265,0,0_Flyweight
1909,Victor Rodriguez,Flyweight,0.0,0.15060240963855248,0.0,0.0,0.0,0.0,0.1585843373493976,0.11260426320667283,0.39544315877370856,0.29016064257028096,0.17743702081051482,0.1463855421686747,0.35577720950680586,0.29119994439123353,0.3975903614457834,0.0,0.0,0.0,0.1533562822719448,0.10719703947554543,0.4041974349008939,0.2710843373493975,0.120481927710843,0.06024096385542099,0.04518072289156613,0.04518072289156613,0.0,0.0,0.0,0.0,0.18753273965426917,0.1626506024096385,0.4562094531974049,0.36905516804058336,0.05810196848598577,0.0,0.0240963855421684,0.0240963855421684,0.0,0.0,0.0,0.0,0.33646715006479005,0.030810263956589673,0.0,0.0,0.0,0.0,1.0,7.308993,-12.373975,0,0_Flyweight
1939,Will Campuzano,Flyweight,0.0,0.0,0.0,0.05877413937867306,0.11936747830953312,0.07239481294896771,0.2227329974811082,0.13950784731641147,0.24802354290844686,0.1958671517865471,0.2612205175177468,0.19496221662468516,0.2499686480785484,0.23266994015233264,0.11698852504897812,0.09823677581863875,0.235096557514692,0.18779736915756792,0.20532565671104694,0.09462621396749811,0.21419607630707,0.1360201511335011,0.187517492303386,0.15673103834312901,0.05142737195633888,0.04513014273719551,0.027020838103961217,0.037153652392946664,0.09445843828715328,0.14399664147774902,0.25629824326571665,0.1712846347607052,0.2832461409287606,0.248619028680012,0.035092092917088286,0.0336230436986094,0.014553596417576,0.011195074167366,0.022473628087157863,0.01731301719306986,0.004335797167278891,0.006346044949524105,0.24837693840339542,0.2187226933126523,0.0,1.0,0.0,0.0,0.0,6.1823745,11.430547,2,2_Flyweight
1943,Willie Gates,Flyweight,0.034534490908238076,0.0,0.03902282874011131,0.03444564990806703,0.0,0.11398252195755237,0.18370614230915838,0.10005639379684753,0.24034556998021375,0.21492369326572888,0.18556090421746657,0.11393001106400766,0.3107520473669305,0.35462057633448296,0.0,0.0,0.2992788794185,0.11887855940341305,0.15345029590745168,0.05899170524476117,0.1718255322457421,0.1340779238258625,0.122022158339923,0.10380517852819,0.07915583946580838,0.06293381515228577,0.1309926943436048,0.07612059190550541,0.1607317083432893,0.17616025733306862,0.1951134548930305,0.0872675553823371,0.13422095471985268,0.07433524701992572,0.07237126712781315,0.06255654303185611,0.0805345184129412,0.0597057931739876,0.0238045505939168,0.033213624240207726,0.14210850150576038,0.188265500204194,0.029341281741728925,0.5543504196157706,0.0,1.0,0.0,0.0,0.0,7.6494875,9.735723,2,2_Flyweight
1945,Wilson Reis,Flyweight,0.0,0.0160665973247875,0.032990358824462274,0.006356778890427006,0.03464421713834441,0.10800881086182003,0.21159459745184947,0.09858412613117581,0.21975927516795338,0.13943982043192535,0.2710695450592011,0.1757651145141795,0.24578174458544738,0.2090423337033446,0.28692633749624274,0.22052018368458426,0.097601381482916,0.07699422388933859,0.19782190141249054,0.06444506947176067,0.19738979251130412,0.10563889152314429,0.076926398074451,0.041429334295186,0.05218698783986514,0.03652071558306563,0.1214318696516087,0.138552994853351,0.04325818156688476,0.05221235351776244,0.22635015741469922,0.0924396926327298,0.206530392863735,0.12910801950052972,0.06607385280332925,0.05474630655492279,0.0331999616479504,0.0190905946893904,0.030894704096960265,0.02891959734261887,0.04810998215296692,0.04862516675825976,0.39486682113982724,0.08310085398976436,0.0,0.0,0.0,1.0,0.0,-1.8208222,18.66632,1,1_Flyweight
1955,Yao Zhikui,Flyweight,0.0,0.0,0.0,0.0,0.2081630571249107,0.046784892236861254,0.1827314618644067,0.0728243155149933,0.12052590852305557,0.09363517472274527,0.28334167950693373,0.22418008474576262,0.2007831813830587,0.22819595871392362,0.047749529190206856,0.014107815442558522,0.21773383553044398,0.15551553672315868,0.2029757869249393,0.07801242677752554,0.07987617196201122,0.040282485875706,0.021704331450094,0.010938480853735,0.025838629943502757,0.016375353107344504,0.003880471380470639,0.005335648148147127,0.1308086158192088,0.1868547944130571,0.18297232229773375,0.07236228813559291,0.0983135754180952,0.0640441322232134,0.08415092650728385,0.04366493612256212,0.0550533584431888,0.0463716258631512,0.03265950375514512,0.016174230431119194,0.018039733259238636,0.02144319625104014,0.1947881248195408,0.3889294408265167,0.0,1.0,0.0,0.0,0.0,8.096046,10.970377,2,2_Flyweight
1973,Yuta Sasaki,Flyweight,0.0,0.017192691295517502,0.05258422551120171,0.038997977241738035,0.11642766148852256,0.026102769444201528,0.17801124571378743,0.10978185910844562,0.17698504890576647,0.12853625104806318,0.21392936549640376,0.16187615996416313,0.23543286046621703,0.23781228323980744,0.1898650684967214,0.13045279353892522,0.170635025576556,0.15701396771122397,0.14476582484158285,0.06854954932884441,0.15157399209512634,0.0888480927440007,0.137423978267323,0.086261210980298,0.03720258276963413,0.026404605219171005,0.12455710970306538,0.10843142621484606,0.07094516810056427,0.10667883946364395,0.1863228138895279,0.11706794666988346,0.14212261639592752,0.09273974776393154,0.04620305508661745,0.03817313303724903,0.049749592235184,0.0345245452923784,0.03358736263098873,0.026714454963724456,0.05360552945283815,0.056749123131101795,0.1628075347881065,0.5330110868222898,0.0,0.0,0.0,1.0,0.0,-1.7120919,19.075195,1,1_Flyweight
1978,Zach Makovsky,Flyweight,0.0,0.0,0.016143130896224957,0.010937499999999012,0.09954957561727258,0.09430555555554812,0.16076953125000001,0.10020432692307679,0.1786338008800879,0.09634645061728388,0.188075284090909,0.1422499999999998,0.22099616207343095,0.18912486237377021,0.30912037037037016,0.1794270833333319,0.13032407407407198,0.07024884259258839,0.14515178571428572,0.07194087612895969,0.15697897998805246,0.0627430555555554,0.078587962962962,0.042766203703702994,0.04062499999999989,0.028710937500000006,0.09454650673400672,0.11318576388888876,0.051171874999999506,0.0665668402777769,0.17512370840042932,0.10874999999999971,0.16232765016619183,0.07620225694444416,0.03639173757624539,0.027948104354353305,0.0605555555555552,0.038472222222222,0.024129410786156748,0.025058788947677414,0.02060194672131131,0.020338743540051663,0.2742397660818713,0.18283759188577883,0.0,0.0,0.0,1.0,0.0,-1.9062369,18.83184,1,1_Flyweight
1983,Zarrukh Adashev,Flyweight,0.0,0.278508816715785,0.01080485648774819,0.0,0.0,0.0,0.3225253846480121,0.16903124904836456,0.24150104913264994,0.15527993609360358,0.29455255918353823,0.14847032311375585,0.21721973981371542,0.1546993351350807,0.032026509319943636,0.0,0.009760858955588,0.0,0.30030578052609885,0.11634427958772718,0.21641716754751555,0.12046190751481381,0.103840039211004,0.043672512709014996,0.03610051590119326,0.018018838876705127,0.2051701823658255,0.25368521190594356,0.09183009821602428,0.12060970807491143,0.40191902201196006,0.2311299005900499,0.2598087277273005,0.16438538782795298,0.03246511397218488,0.0289129357082524,0.0,0.0,0.002902889328323311,0.002156432072468745,0.036785030001094995,0.05384003099089761,0.01235014533706257,0.04201090139532178,0.0,0.0,0.0,1.0,0.0,-0.74816656,17.885492,1,1_Flyweight
1985,Zhalgas Zhumagulov,Flyweight,0.0,0.017197172922097503,0.016279645865881213,0.0,0.0,0.0,0.31188844039769226,0.22328186317401696,0.3380290987497847,0.2209892367246084,0.3097793694060632,0.22834462506318454,0.3351204900672686,0.2664738985966354,0.18943066002012482,0.06406273696169891,0.050099977879696,0.03598320872883384,0.21849688557623181,0.09213144718397484,0.2610436849688328,0.1197732145900734,0.35084897161080797,0.24132965433061,0.11359441813806304,0.07888230808807876,0.263052586062469,0.31934399740555475,0.15219102032490528,0.2086972986650873,0.3865790106437936,0.3101910223893404,0.39211931266936967,0.2879464465704014,0.03258317636298706,0.026696629728779363,0.01206366014598,0.0075617892459636,0.004830452005209229,0.002285115589481038,0.0037124242479027597,0.004096113326568628,0.08211563551083909,0.09181695845710727,0.0,0.0,0.0,0.0,1.0,7.3966866,-12.590651,0,0_Flyweight
