,Unnamed: 0,Fighter_dims,weight_class,avg_KD,avg_opp_KD,avg_SUB_ATT,avg_opp_SUB_ATT,avg_REV,avg_opp_REV,avg_SIG_STR_att,avg_SIG_STR_landed,avg_opp_SIG_STR_att,avg_opp_SIG_STR_landed,avg_TOTAL_STR_att,avg_TOTAL_STR_landed,avg_opp_TOTAL_STR_att,avg_opp_TOTAL_STR_landed,avg_TD_att,avg_TD_landed,avg_opp_TD_att,avg_opp_TD_landed,avg_HEAD_att,avg_HEAD_landed,avg_opp_HEAD_att,avg_opp_HEAD_landed,avg_BODY_att,avg_BODY_landed,avg_opp_BODY_att,avg_opp_BODY_landed,avg_LEG_att,avg_LEG_landed,avg_opp_LEG_att,avg_opp_LEG_landed,avg_DISTANCE_att,avg_DISTANCE_landed,avg_opp_DISTANCE_att,avg_opp_DISTANCE_landed,avg_CLINCH_att,avg_CLINCH_landed,avg_opp_CLINCH_att,avg_opp_CLINCH_landed,avg_GROUND_att,avg_GROUND_landed,avg_opp_GROUND_att,avg_opp_GROUND_landed,avg_CTRL_time(seconds),avg_opp_CTRL_time(seconds),Stance_Open Stance,Stance_Orthodox,Stance_Sideways,Stance_Southpaw,Stance_Switch,x,y,cluster
21,21,Adam Milstead,Heavyweight,0.0,0.0,0.0,0.0,0.0,0.0,0.434195933456562,0.333996871889663,0.3497373766951554,0.20425138632162657,0.404931944211057,0.3044362292051755,0.31733530429675666,0.2109372092629458,0.0,0.0,0.517560073937152,0.0,0.45772379191972545,0.3420794250472861,0.31781050623099383,0.1386321626617374,0.147874306839186,0.09242144177449099,0.0762476894639554,0.0623844731977819,0.01982860023525423,0.02726432532347456,0.06931608133086826,0.1132162661737516,0.4795199442792465,0.39094269870609943,0.3860135551447935,0.23355871193695876,0.29120943400641025,0.1998551231453266,0.0517560073937152,0.044362292051756,0.010994492114111668,0.016334673998108763,0.0,0.0,0.03823752099045323,0.33655514949697335,0.0,1.0,0.0,0.0,0.0,16.927588,9.276743,1
23,23,Adam Wieczorek,Heavyweight,0.0,0.0,0.0175638109679023,0.0,0.0,0.0,0.20052549279757392,0.1376453607044963,0.1160294327385732,0.0944062561424197,0.2414931249569232,0.19854473085670954,0.15239305788428226,0.1487327940000764,0.02803891837250403,0.0,0.38195602729340405,0.16027209165192227,0.1723442001516299,0.07920301708463642,0.06917888810084745,0.027058377558756598,0.172285401398365,0.155357594136972,0.07710702552438714,0.07360216072782377,0.07859527802666463,0.09428270575351604,0.04906810715188201,0.05724612501052906,0.20833059862116773,0.12641015921152365,0.08678408273556103,0.046622457869464985,0.11995886689080598,0.12806419573477945,0.0239474349254484,0.0239474349254484,0.023966698494659697,0.023998372309038115,0.05048440820790695,0.06873380115309304,0.126639239868248,0.5238848602116518,0.0,1.0,0.0,0.0,0.0,15.94632,5.55042,1
30,30,Alan Baudot,Heavyweight,0.0,0.0,0.0,0.0,0.0,0.0,0.3225941778539211,0.24662271965793853,0.40313094566229324,0.34834006528046185,0.3324577706580579,0.2712188501968038,0.3847564180094832,0.3796543136348039,0.0,0.0,0.367297946999468,0.30055865808302146,0.3050245927159594,0.1937974055603243,0.3987886861022186,0.3156287398236801,0.140611657089924,0.115572216352346,0.023157864265968005,0.023157864265968005,0.14421585825706495,0.19399149278589287,0.09325649086749752,0.1415921399872574,0.35026656881100027,0.2595234050592313,0.30629664399848494,0.24833385060314872,0.20755645019498742,0.20804690797526293,0.0348815330506144,0.02035962233383,0.01737576168399278,0.01843958382791051,0.20638405646982252,0.24033385483998013,0.040051005151885026,0.38667137523081213,0.0,1.0,0.0,0.0,0.0,16.26716,8.552358,1
45,45,Aleksei Oleinik,Heavyweight,0.011459585956809182,0.019927593005445755,0.12047031561209626,0.0038463870117210045,0.07318203169769892,0.07596866002359749,0.24217339452828926,0.1879072726546944,0.24136086577151245,0.19190986477795516,0.3345022919068106,0.317179731945483,0.2580677885408536,0.2564888665347902,0.17917411310574918,0.09412191975247634,0.12853674519778802,0.13114499857749326,0.2186833180483865,0.1362722509058689,0.22292278454993678,0.1560779846529735,0.178158581873048,0.163391401978965,0.05128538863945013,0.04107041232303601,0.0781283345448123,0.08387837850354948,0.03764570271258526,0.05824616052038287,0.23423648182063772,0.17184673281929982,0.19859077218896937,0.13992147873139485,0.25804771802790827,0.20872082255037333,0.0837529013695716,0.0649374415137836,0.018939686333619005,0.021005313161564423,0.05433770009637622,0.06782130139896468,0.3451437803599728,0.24571787211892632,0.0,1.0,0.0,0.0,0.0,14.239086,7.342616,1
69,69,Alexander Gustafsson,Heavyweight,0.007452577766770545,0.0002802965664930785,2.0100866686156074e-05,0.015291636202902017,0.0,0.0,0.29060779876855014,0.19448975111568967,0.21719235227494135,0.1491542668799711,0.2815856700243414,0.19194888397116602,0.20383201252855462,0.16139406822302926,0.07548670798685708,0.03686503081971066,0.10742043635903199,0.02553561011077913,0.22014412560464067,0.1146715114042661,0.15526329631996927,0.07800444999721409,0.17846377855844,0.07566643824397,0.06878296307144365,0.04228394455358738,0.32760706160968994,0.33396195023690545,0.15077795931910953,0.1882271367154147,0.3448472735134217,0.2483085058707645,0.22894407199467132,0.16285547175018877,0.04769902715385169,0.02793175279326904,0.0245751997903228,0.016002686285608,0.018859233970605016,0.02175733869650308,0.020410022709705235,0.02770501196616506,0.08907341911326147,0.07893205942747497,0.0,1.0,0.0,0.0,0.0,16.670115,7.0779448,1
77,77,Alexander Volkov,Heavyweight,0.006977644219012562,0.004522484343332972,0.0,0.0034945305424890034,0.0,0.03256120304194588,0.3050113704560949,0.26521081275871167,0.22948389850697223,0.1543112980855918,0.32548462684395846,0.29272785872280577,0.22632361916512486,0.17978805140807988,0.030564457577454036,0.026517548040168943,0.30273024801633197,0.11603848521677343,0.26021078894044036,0.19143502897317247,0.1863556839753073,0.09599415662075308,0.21666979941237502,0.17240928958040197,0.06273869160805877,0.042241382870235385,0.17720551734051615,0.20795424596472187,0.09939935291852103,0.1372047789298018,0.34148240919633777,0.3216425213174684,0.22357670855336775,0.14975134871528967,0.1502392744418287,0.11166093306107963,0.021598237092856,0.0153234332510368,0.016770943689698177,0.019258911125866158,0.04968792718056081,0.05224927454079949,0.08341750965289807,0.23978170260425424,0.0,1.0,0.0,0.0,0.0,16.622082,7.8099723,1
80,80,Alexandr Romanov,Heavyweight,0.0,0.0,0.09003099888059753,0.0,0.01899354264083192,0.0,0.3093567570733677,0.22397242575219184,0.08966941069745851,0.06971418332720189,0.34651858204784886,0.26397523020506886,0.13774616777187787,0.1516669167279295,0.2807692370902473,0.25631580543168253,0.060686874500848,0.07403798689103099,0.3166089130635761,0.20790329530243842,0.06502852614042598,0.0360220808804016,0.116779627944458,0.094579311149905,0.02070086610124913,0.016064883270237005,0.045960846290024754,0.05925494788392207,0.07432740431225851,0.1018425397545655,0.06381164110798723,0.05004967551923565,0.08847536718948167,0.07244034387214729,0.06143497113817648,0.05659269987293375,0.025311431074578,0.01906978884814,0.36494564347202635,0.24770045602007557,0.004842076457926137,0.00416497805795243,0.7209336506192159,0.06907635854268994,0.0,0.0,0.0,1.0,0.0,7.4780517,4.6297464,0
87,87,Alistair Overeem,Heavyweight,0.023733432716181828,0.010650313193939777,0.023377270720902545,0.0002996761669971078,0.0,0.0,0.15062898413671705,0.17140856298894314,0.21581922944871762,0.15541032391537657,0.16494471124139745,0.1855595594062974,0.2358839594799076,0.2171430834381282,0.07554179258622908,0.030448168772162748,0.079067531213324,0.05982012398032738,0.10334805804558787,0.10405661343832258,0.18292462045940633,0.10907935501894381,0.200653071559385,0.170040139703201,0.06348608155600952,0.047732159334469886,0.10365557755394539,0.12947463160875966,0.057095239641660765,0.07058868618672053,0.11276119810537619,0.12764978318993492,0.18343005904509765,0.11809416409813792,0.12685655545996513,0.12367151805229974,0.0827848284690476,0.0594723545763372,0.05842475347149909,0.07228292874045056,0.03456738518892585,0.04144952566383956,0.1897460568269059,0.15362769958530784,0.0,1.0,0.0,0.0,0.0,14.456712,6.249869,1
92,92,Allen Crowder,Heavyweight,0.0,0.07243193080523021,0.03854686633388554,0.0,0.0,0.0,0.36602965645492813,0.22269445343733296,0.451089251041185,0.32392000986010955,0.3615231298993656,0.2241264559068219,0.4248737576515642,0.35546940721019876,0.07487520798668708,0.032445923460896454,0.0,0.0,0.3329241180665277,0.12307847095440254,0.46734078384363936,0.3107076441225408,0.040999206116167995,0.040999206116167995,0.03097370395745626,0.03097370395745626,0.35184773248784196,0.48379063217078255,0.018718801996671756,0.03057404326123056,0.38367277107696934,0.26979543897425823,0.3325895726551495,0.2739304890885329,0.3416836366734956,0.10850350693259504,0.3020891107413568,0.1183648168085868,0.007422654201831581,0.011027943385578349,0.04087209199710534,0.05982201726412796,0.1221914657873795,0.0730635456563729,0.0,1.0,0.0,0.0,0.0,16.142656,10.137286,1
121,121,Andrei Arlovski,Heavyweight,0.0019927006448879495,0.009493465013327276,7.72147229475409e-05,0.005042328148629005,0.008020260480816296,0.01963348315754958,0.28263624339657006,0.21114272351603786,0.2449842823253683,0.1694715137323674,0.2830478350904948,0.21748735677839173,0.25744747018980924,0.2218291200130963,0.03749271349379704,0.01710415928806263,0.083332722018076,0.04660320942367035,0.23571240663042897,0.13539773481227121,0.20861716886065648,0.1161864586224045,0.21252759812095098,0.15824770474375902,0.06136065642312076,0.04219254971792926,0.17667446819767937,0.20509957535939283,0.08274083372380202,0.12045803895812168,0.3276400731538135,0.2626694122811895,0.2326379611453541,0.16087785301699653,0.130855914519564,0.09849497908879928,0.0485562279729248,0.0331254273865264,0.004901395389706164,0.005322316810321502,0.04144761214793992,0.043153543321538756,0.08966836805911514,0.19521949095992364,0.0,1.0,0.0,0.0,0.0,16.063366,7.615857,1
133,133,Anthony Hamilton,Heavyweight,0.014660466122518017,0.01607459483502945,0.0,0.023951544394350023,0.0,0.0,0.2309183468225463,0.21018337456946976,0.18113069517223176,0.1612436452783884,0.24959638019257532,0.23606960413011532,0.20907021738883633,0.23298224986832639,0.15263847766757419,0.08663934378208604,0.127806004044668,0.06943319550212428,0.15700949454687935,0.09981690020609695,0.1515464705561363,0.12077414504242409,0.414447062505967,0.358782521702733,0.05054900987647239,0.041715009179775386,0.05090559167295465,0.05223304752816465,0.06045499758069827,0.06771152057743612,0.1276553076366166,0.0767151191747979,0.12694708292827597,0.09454730317308455,0.5122952129507211,0.397334754901766,0.1296898677836088,0.104562137143916,0.057402241103711164,0.07663709345511951,0.018826324430636275,0.027554956208000303,0.3670019718095338,0.04521223047573192,0.0,1.0,0.0,0.0,0.0,13.553739,8.624467,1
152,152,Antonio Silva,Heavyweight,0.026225391843747378,0.07647335802412684,0.0,0.0,0.0,0.0,0.16877225976341903,0.13564498101943617,0.2504481547083479,0.23286155859079216,0.1896031535160804,0.16275670860702587,0.2897746954023757,0.3274531698549127,0.04157259479106604,0.0,0.134695207123052,0.07016068247572088,0.11269498995962332,0.0718072223325693,0.2335110281164098,0.19516017781585587,0.184495053402408,0.096032693967363,0.04574909471243926,0.04117610928542176,0.1737759657778574,0.20296780091868433,0.04614558021808351,0.07537111435620314,0.1650922600316711,0.134819924907429,0.1559015432115907,0.14635846121572008,0.17153519175605053,0.13284915919760373,0.0345945381550304,0.0114391291743632,0.013270405410921117,0.011143843550040533,0.16463422978063824,0.1863948187930276,0.10310394671399821,0.22396256008098622,0.0,1.0,0.0,0.0,0.0,14.880458,6.24265,1
158,158,Arjan Bhullar,Heavyweight,0.018419306479892407,0.0,0.0,0.010787656956396012,0.0,0.0,0.12337315241928633,0.09595779160465824,0.2153107244094705,0.10546889902066393,0.22380942975748808,0.21616438755739298,0.22003747948234698,0.1487827034207601,0.06708636221339408,0.06485231170424381,0.008549748851124,0.0,0.13366190908053244,0.10169712045772,0.18150459706157118,0.052476243697983295,0.023148927562799997,0.015849338206963,0.05683359324775089,0.038045332102078507,0.009171548767572606,0.009458159666558878,0.07350418422105151,0.11743847364205964,0.10514299859203875,0.07908617104861546,0.22511560354620067,0.1142638474963521,0.11305657230682209,0.07898053678026322,0.0479459677623296,0.0266521426808748,0.030776198144191236,0.029393178723498618,0.0044565402508396235,0.0032613846612364536,0.3954433549140133,0.00612188123844086,0.0,1.0,0.0,0.0,0.0,13.096243,6.0573716,1
174,174,Augusto Sakai,Heavyweight,0.005578312910192004,0.006898140948871707,0.0,0.003756280030674004,0.0,0.0,0.34344546081943916,0.2587919663825148,0.2983885400238986,0.23090146640930526,0.3439761898328,0.2676204554856749,0.2885406455891913,0.2571675384015917,0.021197899479507024,0.012890667331986622,0.088293212799384,0.0863860075823471,0.29076906104230815,0.18704537616066824,0.23285486924686097,0.1358593850636346,0.30666923408498603,0.210673546871995,0.1082789170648204,0.09003598140592389,0.14261717062243517,0.139316876688483,0.10966292365711502,0.14943258630437112,0.3444136207268642,0.23544563027711848,0.28411125170166546,0.22018174565279536,0.35180209724876405,0.30832344179940924,0.0654802643524192,0.0503137734095984,0.016587246326789835,0.02245963475271379,0.04454583549349986,0.05175064620826448,0.09975726878612268,0.17102793074309022,0.0,1.0,0.0,0.0,0.0,14.708938,8.848542,1
193,193,Ben Rothwell,Heavyweight,0.010471458084984295,0.0021359335790174356,0.03409937664990923,0.0019439775148318834,0.0,0.0020951757659854985,0.3532353513625938,0.23122626762146384,0.322305548871042,0.2595211071307396,0.3437517132548869,0.22893991565718325,0.305827712160785,0.27601976845137516,0.02700463692179703,0.009968797082322017,0.07103350440740801,0.01742164227176172,0.34538017469642235,0.18947981632429486,0.2568858195415953,0.15619257084816512,0.146133110117028,0.11328156794587299,0.12767570906572917,0.11232242092173002,0.113554108064378,0.14236885901932986,0.07782085950726753,0.11734090034583067,0.41269334597926655,0.28648868910617653,0.36095536120152377,0.3279264179345602,0.14386704398359615,0.10164985986331897,0.0325445133211916,0.0205066939516564,0.0076423589604741075,0.009258281250335756,0.004690318403497841,0.003741272042492128,0.133839920463236,0.04970525456799638,0.0,1.0,0.0,0.0,0.0,15.618516,9.029438,1
195,195,Ben Sosoli,Heavyweight,0.0,0.0,0.0,0.0,0.0,0.0,0.21824999999999986,0.08999999999999975,0.2252475247524751,0.17,0.19840909090909079,0.07799999999999978,0.19345692048965538,0.15692532776684695,0.0,0.0,0.0,0.0,0.20057142857142843,0.059315695176468314,0.16774193548387095,0.0733333333333332,0.2,0.111111111111111,0.02083333333333313,0.02083333333333313,0.011919191919191809,0.01638888888888873,0.2333333333333333,0.36750000000000044,0.27671497584541044,0.12999999999999962,0.2626353276353276,0.22122807017543827,0.012503516174402127,0.0,0.0088888888888888,0.0088888888888888,0.0,0.0,0.0,0.0,0.0,0.0,0.0,0.0,0.0,1.0,0.0,7.191967,4.251086,0
207,207,Blagoy Ivanov,Heavyweight,0.00392782802782111,0.0,0.007070015698583379,0.0,0.0,0.0,0.2809076874018838,0.16411810016906173,0.2983940105745267,0.19851110238967362,0.27414819466248036,0.16788324960753512,0.2647524651183951,0.19347147502141157,0.05977184720041807,0.03522993197278626,0.04678684807256,0.014840886098023717,0.2885320980040368,0.1450792066070763,0.23817933033428404,0.126363749345892,0.129027821384964,0.10772479504622301,0.11450616496598627,0.07133822278911564,0.012258056229484043,0.016854827315540555,0.07818449110413377,0.10924508547008556,0.338371504283616,0.20848765698587116,0.3245699064569943,0.23480775961194184,0.07820335968532063,0.06183177078176993,0.0514064713064712,0.0338795918367344,0.003975306877302562,0.005313025239167114,0.0008318501170957625,0.0012175288720135465,0.08901292117856352,0.0711996026752842,0.0,0.0,0.0,1.0,0.0,7.46163,4.3217397,0
246,246,Brock Lesnar,Heavyweight,0.004787505589439024,0.08044523146976852,0.02637237541107922,0.005691879585123006,0.0,0.0,0.17468378446749308,0.14008591332775486,0.3211309620716687,0.26394510498355667,0.22458345790308856,0.21310397166708833,0.3808638929693047,0.3785930315164394,0.24854540855046628,0.09372628383505935,0.09612952188211199,0.06944093093852509,0.1560225506848323,0.10376120216172018,0.30777971813975497,0.2214141158613711,0.110675436377434,0.10055653933721201,0.06925120161902326,0.06901403996964302,0.08344640434192639,0.08488805970149238,0.008063496078927002,0.011620920819629814,0.1451979234263464,0.07627118644067761,0.11291489099483014,0.0825746934373625,0.12027477928956336,0.1147255591032459,0.1500126486213,0.1262332405767768,0.058306547952747895,0.0815969238815227,0.24670099073955037,0.18154448490695899,0.3237335025219093,0.2545607452451804,0.0,1.0,0.0,0.0,0.0,14.337576,6.4688635,1
264,264,Cain Velasquez,Heavyweight,0.023283597192652272,0.00028883429722568565,0.012214829678190391,0.023558047367469026,0.0,0.0,0.39952885458570003,0.3477053760693142,0.2797581626538522,0.19566809101367819,0.5331901284736786,0.518121678583069,0.2572641246620221,0.20340459791400078,0.2956660038241563,0.14968130351817263,0.076973658997676,0.032474443868378534,0.36483680374749966,0.27689120542735,0.2627430896381122,0.1661337057112866,0.108856123515459,0.089888317058838,0.06352502458191789,0.04136176076060251,0.3085920441203747,0.3660764830614561,0.019890992824419754,0.03248236296910242,0.3242940441133885,0.275955742144224,0.276287819453893,0.20439710337785155,0.5729828875741859,0.4116500009833367,0.09649858500495,0.0613847815030748,0.0635650319581747,0.07078508452757806,0.001184070975121461,0.0015013616908770698,0.5189669399449905,0.02163709700706915,0.0,1.0,0.0,0.0,0.0,13.954929,8.181985,1
279,279,Carlos Felipe,Heavyweight,0.0,0.0,0.0,0.0,0.0,0.0,0.32864062499999996,0.22110576923076922,0.33163675742574245,0.24270254629629626,0.3032386363636363,0.19818749999999985,0.42105214484988324,0.4179870253871043,0.006249999999999007,0.0,0.177777777777776,0.09531250000000012,0.2992499999999999,0.15508582801347476,0.31174955197132603,0.19708333333333322,0.286111111111111,0.234027777777777,0.044270833333333134,0.03528645833333326,0.04693181818181821,0.058897569444443645,0.08463541666666652,0.12930555555555504,0.4026419082125603,0.2917187499999996,0.35172097578347583,0.26496847587719263,0.07970991561181398,0.07383305180180146,0.0219444444444444,0.0179166666666664,0.0,0.0,0.040343237704917934,0.054324127906976445,0.03124523264683444,0.22763093723494482,0.0,1.0,0.0,0.0,0.0,16.049177,8.730698,1
318,318,Chase Sherman,Heavyweight,0.00823179787344304,0.006834517922912174,0.0,0.00966070512127201,0.0,0.0,0.45188582520085596,0.319759998225572,0.4383747902498699,0.3070671676826112,0.425922325432564,0.2992969754954482,0.4020731233423495,0.3164812020538401,0.0,0.0,0.11069049655808001,0.06122829499499157,0.3854616350280481,0.2035802841807558,0.41152060758942627,0.255603274283139,0.268327855270945,0.200077161997359,0.07258972750107676,0.05288234617533264,0.3192780900271958,0.3750750622456678,0.08576044151400827,0.11115156336748254,0.544432506655134,0.41833173126149326,0.475405648338626,0.35922136078235584,0.10867183607420226,0.08572484780617719,0.045423720962378,0.0330194304870468,0.010799960579961677,0.01122617162649271,0.026459154654742318,0.028590297703071456,0.03247787209204102,0.08337272387170754,0.0,1.0,0.0,0.0,0.0,16.455853,10.086064,1
323,323,Chris Barnett,Heavyweight,0.013379826631474882,0.005197607139354306,0.0,0.07865303857224908,0.0,0.0,0.3317776702379104,0.21862253175978782,0.3549785111742686,0.3146013995103218,0.32125973249064005,0.21828357486087413,0.3973295172965906,0.40319672721422406,0.039326519286123046,0.0,0.052435359048164,0.0799639225484502,0.2855151666324829,0.13040424991576396,0.30310774060465345,0.22085740596116127,0.11559272559124299,0.091297363762197,0.12357658860811839,0.11849649405698291,0.3101340496191601,0.3599604388871533,0.04760873633639176,0.07126544883765955,0.3798044361543924,0.27086174073885827,0.37211352188383795,0.3537995561029077,0.09476984593622309,0.06260771745028655,0.0786048368896448,0.069830850852436,0.026808159829027824,0.02108608201678163,0.006380854542560538,0.005336726944312884,0.014466239508903847,0.30890725234371036,0.0,1.0,0.0,0.0,0.0,16.063183,9.321111,1
327,327,Chris Daukaus,Heavyweight,0.15938798948311428,0.014156381770917516,0.0,0.0,0.0,0.0,0.48552554664650066,0.4154581755999715,0.3191764699042159,0.175462358845113,0.46501285752154314,0.39471521435623785,0.2816250767157875,0.16921190948631368,0.0,0.0,0.056022401741980005,0.0,0.4997937917740932,0.4061926930582839,0.2887685975133574,0.1269088264307118,0.142417382066304,0.101610972906058,0.05515187359891577,0.02525805061919288,0.10259224058979079,0.13367701242258842,0.09667101786307428,0.15789599584302147,0.48561699898274,0.4311566538624688,0.34885861444544625,0.20384612499374405,0.21145449442998762,0.16302255751204972,0.04238486036586,0.027547644908334,0.1004676761720777,0.1059316945638604,0.008378665435234123,0.008175565018014837,0.1285262076410565,0.023009954245891938,0.0,1.0,0.0,0.0,0.0,16.818415,9.720076,1
340,340,Chris de la Rocha,Heavyweight,0.0,0.13624153976913977,0.037327962403489304,0.0,0.0,0.0,0.4041162564949553,0.16745462408861508,0.5139658754010341,0.4880902273754422,0.4101065597008976,0.1958315402212772,0.4558640333335406,0.4745496089267733,0.2094799419365072,0.047129909365558574,0.016112789526684,0.0,0.41185738136882977,0.14732885686207717,0.5233045472514658,0.4750200896940723,0.096492082950774,0.081145266440636,0.030573094855841254,0.02042993655076163,0.1282049525460959,0.06253297701909863,0.06359344571593652,0.10386929466936308,0.46928908971892586,0.1740307898070873,0.5325521407021234,0.580788473586394,0.11030805286919157,0.09402499920403608,0.0687515494710852,0.0453483381976036,0.02635577948482554,0.03203767480233326,0.05254278137841312,0.04193165231600452,0.2905548610286471,0.01611031494101448,0.0,1.0,0.0,0.0,0.0,15.815174,9.646766,1
342,342,Christian Colombo,Heavyweight,0.0,0.0,0.0,0.018382352941176017,0.0,0.0,0.286204963235294,0.20694145927601804,0.19384221510386326,0.15390046296296284,0.3447718917112299,0.29642647058823535,0.2254992977479622,0.21104704618291542,0.025857843137253027,0.0,0.245915032679736,0.164709967320261,0.259846638655462,0.15140040430581944,0.1820030834914611,0.1350857843137254,0.212990196078431,0.161274509803921,0.04869791666666663,0.03253676470588201,0.08321524064171053,0.11442095588235195,0.004595588235294001,0.0075061274509802085,0.23537516576678982,0.1487683823529411,0.15379765795206962,0.11829382739938059,0.540363355257715,0.38013347906730294,0.0748529411764704,0.0472712418300652,0.007690148709056005,0.007616909197541332,0.04545021697203465,0.052629103967168064,0.1016325660699062,0.3658207354188494,0.0,1.0,0.0,0.0,0.0,13.845779,8.805646,1
350,350,Ciryl Gane,Heavyweight,0.009197869213817888,0.0009155010357415178,0.04589532942314629,0.0,0.0,0.008959507443989847,0.28711566471005906,0.25959540676243925,0.2163034814919213,0.10144373840059022,0.2794131551306634,0.25031584622367914,0.1964104618459909,0.1046729215688056,0.0995521473258661,0.03023217920203265,0.071949486807196,0.01690298827061882,0.19688785651345617,0.13190120976440944,0.17180350119351878,0.045991163258214,0.29866316782803704,0.228095134070819,0.04587535285815751,0.028014234284526006,0.2879650215722406,0.34596845066528825,0.13397721811779228,0.15928457131382337,0.32949875838396664,0.3265238441551554,0.24506275577869158,0.12864411663812544,0.11020970692958121,0.09964730053295662,0.0186336995017092,0.0075777238282192,0.014805699170401193,0.01092024271441703,0.0018235817480756955,0.0014124587053100232,0.09694544921087465,0.03796714691489776,0.0,1.0,0.0,0.0,0.0,16.892061,7.246205,1
362,362,Cody East,Heavyweight,0.0,0.0684754521963814,0.0,0.0,0.0,0.0,0.4866279069767442,0.3139534883720931,0.43403177527055026,0.3404392764857881,0.4423890063424947,0.27209302325581397,0.453328749293976,0.42040476080445593,0.0,0.0,0.0,0.0,0.42159468438538206,0.22070956344732454,0.41447861965491356,0.2906976744186045,0.232558139534883,0.11627906976744098,0.07267441860465114,0.05813953488372076,0.37420718816067616,0.400193798449612,0.05813953488372076,0.09496124031007733,0.5329176497022806,0.3837209302325578,0.26684555754323186,0.19293145654834756,0.3925522519870468,0.18625602346532535,0.1240310077519376,0.0620155038759688,0.0,0.0,0.24018299656881426,0.246078961600865,0.15635144484061517,0.0,0.0,1.0,0.0,0.0,0.0,16.219206,10.138826,1
391,391,Curtis Blaydes,Heavyweight,0.004403358731779001,0.0057920442611131395,0.0,0.006855948172896007,0.0,0.0,0.23190304642115045,0.18197366960574196,0.14638969421278356,0.08888581090181777,0.31472940414515294,0.2831943636560757,0.16364861229785746,0.138647983148945,0.3790273865843494,0.26401916791482616,0.02605023115254,0.028521067166741333,0.21661660468554808,0.1426129965615153,0.1380795179508619,0.071893076034657,0.08178728691698099,0.07015125083266101,0.02407944855359963,0.016393124404224003,0.13668183268379927,0.1670353949726103,0.026608946972068507,0.03718615086058272,0.1919747377768748,0.11645298791753039,0.15497417545096054,0.094800001894102,0.11830735276982413,0.10017850932730155,0.0257320772455384,0.0210724936152524,0.0892361724393361,0.10690207964739824,0.005758888376640689,0.006097495297607547,0.5113567745653643,0.02978360792594142,0.0,1.0,0.0,0.0,0.0,12.798334,6.6671243,1
395,395,Cyril Asker,Heavyweight,0.0,0.07103024478251851,0.019758351101630937,0.012793176972279014,0.0,0.0,0.41746362440344525,0.2295563334134433,0.32027031932482336,0.3167206366319032,0.5519151714230436,0.3533209445268965,0.3431446192404388,0.39617245880701785,0.34975387735671637,0.11897498569868359,0.05379534917212,0.0,0.4405728489878212,0.2259898871401693,0.24435961979469845,0.20357913928081378,0.157838921180748,0.10185567072170601,0.13932415532228967,0.12060273295143152,0.0,0.0,0.09142313592850501,0.14410057475287652,0.3748729923732693,0.183163431035655,0.25543685608819605,0.25153662386939574,0.04188599389118373,0.039593095132319574,0.0493198974305636,0.047614140500926,0.17228027050702152,0.13116868714992708,0.13089317889376945,0.1550331863089543,0.39597469383659273,0.051980886363682824,0.0,1.0,0.0,0.0,0.0,14.065145,7.5228243,1
402,402,Damian Grabowski,Heavyweight,0.0,0.058498896247238995,0.0,0.0,0.0,0.0,0.062403320926185495,0.03200170303906938,0.5054688288957477,0.3605525209068497,0.06282601721766412,0.03667520665152019,0.49102372005705847,0.38103336998381143,0.20882679943926022,0.0,0.27843573258568,0.4246144921931625,0.055208585101754554,0.036557988761056266,0.5274116361062033,0.3509450379465363,0.0,0.0,0.03852056847295388,0.03852056847295388,0.07467140101161422,0.0,0.0,0.0,0.03523812125937795,0.0,0.10949091030784837,0.06468879514976339,0.03726213429457517,0.039779846071235685,0.1324503311258276,0.0794701986754964,0.04140353428035797,0.03075691117969449,0.5607513073467377,0.4103689430841295,0.0,0.8540902443803443,0.0,1.0,0.0,0.0,0.0,15.25081,5.6885495,1
414,414,Daniel Cormier,Heavyweight,0.011870185451623882,0.0074242684969852415,0.044791761776437455,0.0,0.0,0.0,0.2916663643323886,0.2644823763915298,0.29543929857403545,0.21993199820441126,0.3811412619792787,0.38508949647188195,0.2703106043906237,0.22719251054058298,0.13896098138596513,0.11194066296925997,0.088033819129424,0.04874723658910496,0.2863609731548286,0.2455216949028938,0.22492686594762296,0.1288639518379956,0.081261678317354,0.067610905325335,0.1055380835091319,0.08030794838824239,0.13055500379764876,0.13492135984181622,0.13204578001437528,0.16234869475154506,0.2776531257095693,0.2555147708302608,0.29899177830841184,0.2430716163459483,0.19671159790110732,0.1501282667820755,0.0716243882162496,0.0416057229852232,0.058064319129673206,0.06900815471217092,0.014963187992913681,0.016955957406990838,0.2796014206733026,0.08285824182025772,0.0,1.0,0.0,0.0,0.0,14.565155,7.8290567,1
420,420,Daniel Omielanczuk,Heavyweight,0.01160466913197732,0.0,0.004261686107060787,0.022747306869090024,0.07316062457893399,0.033278220793231755,0.19001285917575375,0.1815941117344219,0.17408242127827467,0.132394072250524,0.25375695477120014,0.27073885008866444,0.22879353849449108,0.2354525415051142,0.07168059884158508,0.02438362595165644,0.197112756374676,0.15130406306660388,0.1399349451669099,0.10737085911596995,0.12569248818665038,0.0675456478303902,0.19574333746046,0.151925996185231,0.08616991070528553,0.07165825303896677,0.1479662063137038,0.19068130582094503,0.05431106888739976,0.06251464341705615,0.16600515832520185,0.1556800033216239,0.11505802214375661,0.05750738895570187,0.24744074487539744,0.20727389865226017,0.0992669584134176,0.077758238973126,0.02335831516943396,0.028457610005621307,0.04713229972113959,0.05563689201293539,0.14223402042230024,0.5496042041556843,0.0,0.0,0.0,1.0,0.0,6.9394712,4.799575,0
427,427,Daniel Spitz,Heavyweight,0.0,0.00555031940517264,0.0,0.0,0.0,0.0,0.27762349290671623,0.16582729711381922,0.3352985675570383,0.25733972128568405,0.2916275160877165,0.19887453639668523,0.30602132962827316,0.2629549908816819,0.06882736072179908,0.05483556447741069,0.0,0.0,0.2506307558067352,0.1146481624880566,0.24799162154517715,0.1511384206954422,0.188133160517703,0.13117513268314399,0.14972466009223764,0.10366112314745665,0.10713826062296565,0.11647906061195373,0.11600969979857777,0.1568409670059052,0.32033220905408744,0.1982319016202145,0.33821392480990337,0.2733188031054987,0.1299365568175742,0.08536372547682634,0.0913338764422644,0.0664641296498032,0.006160184595366337,0.009152274255972844,0.010707498339024351,0.012822479889529186,0.05986756059969655,0.06953748224218971,0.0,1.0,0.0,0.0,0.0,15.515762,8.529259,1
476,476,Derrick Lewis,Heavyweight,0.017218507098571176,0.006360413997370073,0.0,0.014840500285359015,0.027292352761351838,0.021061509089206,0.16939724634146563,0.13279367999287064,0.14283912118294687,0.12501605276445732,0.1625785864489255,0.12624342597394464,0.18209247013856483,0.20208536401047866,0.07106813577768607,0.026038305623187045,0.25038548193271604,0.16334274845340618,0.16376999391625985,0.1188480415899385,0.10721306169799821,0.0774934532917989,0.10267780337348201,0.071947296634398,0.04762889964305401,0.035067466436827885,0.028109408971032944,0.03003385659176051,0.07612437385096052,0.10952525643470858,0.12708070582994782,0.0817369404814602,0.11884612164806689,0.10689610942383213,0.1397740023684444,0.10346622472073037,0.0475008920454364,0.0334862612210188,0.06615888324258305,0.0700287437897844,0.03197638703239646,0.035525658638690095,0.10795238807015226,0.3227950227705909,0.0,1.0,0.0,0.0,0.0,15.871792,5.745915,1
478,478,Devin Clark,Heavyweight,0.00030255021145215554,0.012971166643272913,3.267888574873799e-05,0.012356850611175012,0.051338294411365976,0.0,0.14333877942245832,0.11559669357674329,0.18837587616116155,0.15945627036112034,0.2971592227520447,0.30554831056038173,0.22139546227643642,0.22320465622237615,0.2096644395653372,0.05286785434432719,0.38080540993076,0.3760234780161587,0.0992351830892509,0.0528279959128145,0.1894707993072681,0.1511873367672024,0.17329213442730002,0.139839770015876,0.02227248266197013,0.017445587891979007,0.11345130261479537,0.12209160855584829,0.009500386856880752,0.015076662550067317,0.10593725063119967,0.0674125446013893,0.06858538565145178,0.03257139869429687,0.2446455723075341,0.20549028536406463,0.0815693200276192,0.0559161596149624,0.02441150127983752,0.02217932889707948,0.14652254241299464,0.15324743515716532,0.21071358657645475,0.5273897724663889,0.0,1.0,0.0,0.0,0.0,15.545578,5.5664372,1
494,494,Dmitrii Smoliakov,Heavyweight,0.0,0.0,0.0,0.049340268360003055,0.0,0.0,0.12772089442698265,0.0828754505701391,0.20144949503007464,0.13170567619169168,0.3337199052283931,0.34715844727731066,0.5030280773068435,0.4190137634824766,0.07079949582781507,0.0,0.489121474650456,0.14395897484989068,0.10723961170536463,0.051917913068287525,0.20498443032986496,0.1197169615648482,0.117999159713026,0.08724625194781699,0.02467013418000188,0.02467013418000188,0.05292865151345887,0.04851793055400297,0.0,0.0,0.11242221930873385,0.06050066212486215,0.07138864786207494,0.030667255595311815,0.20358585835125853,0.13830832883076888,0.0592083220320052,0.026314809792002,0.00489128190905315,0.007267047407736108,0.18103883899158224,0.1446461759831042,0.0,0.6673231890745966,0.0,0.0,0.0,0.0,1.0,16.916586,6.2579246,1
503,503,Don'Tale Mayes,Heavyweight,0.0,0.010726071690209778,0.0,0.022563436404027026,0.0,0.0,0.24903040421148614,0.14329941155464493,0.2632609997544244,0.21512032718092292,0.2915968168931055,0.20624355429838304,0.2695737438872326,0.26357381170286737,0.05776947746921106,0.052010469489509784,0.131172765306124,0.156712636979198,0.20923929863891408,0.0821788050094159,0.19784790053618473,0.1262865433442946,0.164153928096121,0.116140129878188,0.10075826511390565,0.07711364702024627,0.17325126826624684,0.1665648285096508,0.11346447843879078,0.16250442937982507,0.2960508541648718,0.17942810617334698,0.24988570467035395,0.2170901333946886,0.06508777799290881,0.05353140277770591,0.068540121024974,0.0536358440034008,0.009141698030428488,0.0073723038272734106,0.032012027548434754,0.026387494530139118,0.19266390629529737,0.19781106398231,0.0,1.0,0.0,0.0,0.0,15.262593,7.135973,1
567,567,Fabricio Werdum,Heavyweight,0.01210572449797209,0.0077020743348312415,0.031648359008077394,0.00019092204683007665,0.03702934122707331,0.008597800494574022,0.30558263821609266,0.259574508057242,0.2670082382486956,0.17912451015598452,0.3319418414001717,0.2984350907264561,0.2673765394124604,0.21956979900498466,0.14860159761024916,0.051597057771452785,0.060281390655516,0.07479943560636208,0.2619867080861883,0.18797688540795127,0.23515770384292045,0.1275331688811231,0.23030577231202598,0.170912129338352,0.03756758768113688,0.026060863949709755,0.15737226802263116,0.19780933304780282,0.12094811716567354,0.16855749286037255,0.32942446341799253,0.30068010555908986,0.2799735522130858,0.19626530714933543,0.15497880904499825,0.11574605978023915,0.05273483314221,0.0367942836757552,0.030180663140496958,0.030345381589695387,0.009645871998823718,0.01253238314076314,0.16625055124087448,0.10285847085075145,0.0,1.0,0.0,0.0,0.0,15.097286,8.045303,1
583,583,Francis Ngannou,Heavyweight,0.0728285272934149,0.0,0.02497257098100405,0.0,0.0,0.0,0.23377610750994948,0.16322446999358883,0.11864425582828649,0.08933766198606434,0.23912437521223986,0.17515374313573803,0.15824422938247018,0.16470651490151847,0.014800162216467017,0.006827872924216511,0.352315869990292,0.12886093258652326,0.23349774811705937,0.1462553391955188,0.08357524613745429,0.048106455621394796,0.077848352997651,0.054384612399679996,0.02971366554251551,0.019616236811783254,0.07258144997570218,0.08642617367149918,0.10251774383318778,0.12573960846918902,0.2221360525198416,0.13965543800947486,0.12116522493325564,0.09850710322094702,0.10330911400991306,0.09381978821262493,0.0118441514740636,0.007178555864974,0.06137368793432039,0.05986655116648743,0.017636946739707428,0.01818197917713178,0.05881454679675535,0.28408930377346386,0.0,1.0,0.0,0.0,0.0,16.056864,5.8340983,1
591,591,Frank Mir,Heavyweight,0.016896847707829673,0.003207356495792237,0.0055028753066231105,0.00020868031502273995,0.0009879480331899408,0.0008987800373628679,0.14739086087957778,0.10180779879498968,0.1775637145331645,0.14172919466169404,0.18850743216115332,0.16516363464663925,0.2224592132163911,0.23478539076743093,0.14646092076800113,0.04011729449067997,0.001609521155334696,1.6872407879036932e-05,0.14684138217391926,0.08469900987441169,0.14620878354186606,0.0896234906109273,0.086864390477297,0.083458039557648,0.050198226727539014,0.04570243837974451,0.006964052250414313,0.007881088746701678,0.06639271187015401,0.09751312292377437,0.11686996231923091,0.0645762873900861,0.1523439058688912,0.11872992971828474,0.1912457338189465,0.13393232973715974,0.0802893283304588,0.0570294878867904,0.031941872890305346,0.03172631103427906,0.017078383667765498,0.021568781080215593,0.22832927769154182,0.2731481628858673,0.0,0.0,0.0,1.0,0.0,7.048644,4.5151324,0
601,601,Gabriel Gonzaga,Heavyweight,0.0016305532256122568,0.0032516208688016038,0.016299513710419197,0.0,0.0,1.6891120865347621e-07,0.1155829875092917,0.07566603018106935,0.1365086850794467,0.07169463590533554,0.1362840926006913,0.1083437084540054,0.1414667642769502,0.0997580755649432,0.23329202492184326,0.08432293719714554,0.017176859424396,0.00522296094741207,0.10572871045413207,0.057992273905450274,0.13903044503285875,0.0645569092507581,0.056688029533292,0.038157825643519,0.012515421043735502,0.011181351719861628,0.06140259061769906,0.06161473839609422,0.00795168887284575,0.009840738610335336,0.0919799469710137,0.0564073964025903,0.12812031605884286,0.057380232168667354,0.05488193697304736,0.023338878206499186,0.0173420493624032,0.0100813244389164,0.04979991476924705,0.04334650514451354,0.03265678806737905,0.03536191435800234,0.27039125304099254,0.040413926033118865,0.0,1.0,0.0,0.0,0.0,13.295043,6.271288,1
625,625,Gian Villante,Heavyweight,0.009373476713746718,0.012131715469719513,0.0,0.01085154776577301,0.0,0.0,0.38180830879984834,0.26270202147807814,0.40962500131635676,0.2691932536250826,0.3625963532209983,0.24834137224222022,0.3633916938743427,0.26032958696446185,0.008539136863404009,5.7182573844521566e-05,0.029546242280331998,0.004728622739678072,0.34623403346480963,0.19938782791746582,0.3499508334693821,0.1822079501606481,0.195163717496263,0.11552143254116101,0.08421493024318426,0.053770970423272516,0.20836271396486108,0.24702549300126625,0.17105850952515003,0.2441973162913432,0.4620807621881694,0.34275320096652717,0.47365128201663764,0.3539978251230211,0.00795252673534324,0.0039016778289995583,0.0141000188809176,0.0080869875595012,0.028907685380099742,0.03460571651877544,0.006953368373607085,0.002424332984126058,0.060991475231524546,0.010717239214991096,0.0,1.0,0.0,0.0,0.0,16.062166,9.651581,1
647,647,Greg Hardy,Heavyweight,0.0046644181888019914,0.0030309813293499365,0.0,0.01948373791437602,0.0,0.0,0.32994371421896046,0.26249739330404154,0.2039760249467037,0.13022709915641287,0.3178004508414596,0.25318101781749086,0.18207259456666217,0.12973843413717373,0.015028257125034014,0.007209202792587912,0.155953039181208,0.05068620955786376,0.2956853067697177,0.2003581457328827,0.1725745075885224,0.08478933698441671,0.151256082869648,0.11671431671905,0.04782533638838739,0.032366214210202505,0.21502070723653055,0.24027568991629836,0.07943199314185877,0.11108793430518556,0.327168846368002,0.23982509108043268,0.2217299029265423,0.1515127831692545,0.07656586406878388,0.06957693231403411,0.0059278030881388,0.0025978317219168,0.08926747570584924,0.11122499702887116,0.023384677530986723,0.02604247123516758,0.1071194536898877,0.11153683716114865,0.0,1.0,0.0,0.0,0.0,16.488384,7.336971,1
665,665,Harry Hunsucker,Heavyweight,0.0,0.36054421768707484,0.0,0.0,0.0,0.0,0.24795918367346936,0.1271585557299842,0.7092341887249949,0.8095238095238095,0.22541743970315395,0.11020408163265297,0.6255222962116914,0.7826813058806376,0.0,0.0,0.0,0.0,0.23615160349854228,0.07263146348138999,0.5990783410138248,0.6122448979591836,0.0,0.0,0.0,0.0,0.2189239332096474,0.3010204081632651,0.6122448979591831,1.0,0.3176574977817213,0.1836734693877549,0.4683411826268969,0.7032760472610097,0.0,0.0,0.0,0.0,0.0,0.0,0.505854800936768,0.46274323682961555,0.0,0.20875525782832213,0.0,1.0,0.0,0.0,0.0,15.533788,9.723464,1
701,701,Ilir Latifi,Heavyweight,0.0036163488780514784,0.015544815166150684,0.004980240150518276,0.0,0.0,0.0,0.12941600262621536,0.07487024258491476,0.248394234121303,0.1540297502671505,0.18205754611745084,0.14216655768760103,0.2602768635086729,0.20765613856361814,0.1915052216520482,0.07955001739175023,0.04848948696817999,0.0,0.12523546179306602,0.06283707591136913,0.21505747891752966,0.10664446457200621,0.059302764933484006,0.031785952692904997,0.07098836031890139,0.047007282896602505,0.04145846517053739,0.047166304850562765,0.05369528347455601,0.07693013443553769,0.14059806025850288,0.08238004081367625,0.24307126265535028,0.1536295266073004,0.07977479249133693,0.04418159910762647,0.0648777489381412,0.0375244789177004,0.007800890730441064,0.009049543016900046,0.020191138681678704,0.022035663033868325,0.3272547892300169,0.03833187866535493,0.0,1.0,0.0,0.0,0.0,13.438416,6.1357727,1
739,739,Jailton Almeida,Heavyweight,0.0,0.0,0.11747802569303369,0.0,0.0,0.0,0.4283118317461409,0.393560036072155,0.0019581065611630985,0.0028735632183906333,0.48005278834343357,0.4451344243132671,0.04231628453381133,0.0624820581192338,0.32162134286794536,0.3983308694605818,0.0,0.0,0.48245779901674285,0.44598420377122666,0.0,0.0,0.020283975659229,0.010141987829613999,0.0,0.0,0.010879586944495024,0.0,0.007606490872210501,0.012423935091277163,0.01785240646542774,0.00228194726166315,0.002327456181411418,0.003883313761075886,0.0,0.0,0.0,0.0,0.6085727661763103,0.5559429527286687,0.0,0.0,0.9865238184287193,0.0,0.0,1.0,0.0,0.0,0.0,12.632983,6.812867,1
741,741,Jairzinho Rozenstruik,Heavyweight,0.06102107530360219,0.0036244412140007706,0.0,0.0,0.11895868257450477,0.0,0.20852440163738928,0.16724613862519078,0.18178031962136598,0.15170494383872185,0.21483272761994215,0.1810281237488025,0.19957488900431444,0.2055742955634794,0.0,0.0,0.36279076538814004,0.1588407125627401,0.18698613565896474,0.12401970132426937,0.1224634814528429,0.07076321061217711,0.059757374235365,0.047709104448004004,0.05050160600541676,0.04136518020717451,0.17381182622086444,0.20746880034696427,0.16710096132161104,0.23182475458699928,0.21716858225063643,0.16798941125344666,0.18974201849563724,0.1698333699296199,0.11072043662736787,0.0965779360396919,0.0140729371971804,0.0107259168199376,0.02802390496592495,0.036735021622087034,0.024643646883196247,0.029505473702289904,0.017277265066166482,0.3246359826893133,0.0,1.0,0.0,0.0,0.0,16.040133,6.029722,1
742,742,Jake Collier,Heavyweight,0.002526705072823681,0.005678390059165806,0.018145447205007166,0.008010685733502007,0.07592349922976112,0.008633739068331972,0.5099501795537222,0.3432884845166845,0.33979777529824157,0.2415231099623082,0.49854722915575167,0.34271922447703224,0.3295757667563423,0.2764170713919623,0.06163465089896407,0.02286356728421224,0.151535471792112,0.058027404782063564,0.47825072779364913,0.26429241895867456,0.3052336824022773,0.1853549809558335,0.251878005908121,0.180769885504614,0.0824021235695929,0.06244194109706289,0.21441564944872574,0.26332964707863654,0.06338201600352901,0.0833890897228607,0.6115935521873022,0.4500890557871931,0.37183844999589954,0.2830710154104282,0.1215180086238403,0.08054784256984047,0.0287284258399052,0.0218531105065608,0.015687150510627555,0.015318181417166737,0.02102409059608104,0.026533482423742014,0.10053576950970317,0.09590796683926389,0.0,1.0,0.0,0.0,0.0,16.758314,9.910701,1
772,772,Jared Cannonier,Heavyweight,0.0,0.09981167608286097,0.0,0.0,0.0,0.0,0.2288135593220338,0.1760104302477183,0.33814398388991435,0.1920903954802259,0.20801232665639435,0.1525423728813559,0.30397972650939203,0.19420307429969302,0.0,0.0,0.0,0.0,0.15690072639225178,0.10053507657028543,0.31984691088026235,0.1694915254237287,0.056497175141242,0.0,0.04237288135593189,0.021186440677965754,0.42424242424242387,0.4166666666666658,0.08474576271186378,0.06920903954802153,0.2931302710226806,0.25423728813559304,0.32413443430392574,0.17305976806422815,0.0,0.0,0.0,0.0,0.0,0.0,0.10502917477076948,0.10248324793062638,0.0,0.01733730107387752,0.0,0.0,0.0,0.0,1.0,17.082626,6.66904,1
778,778,Jared Rosholt,Heavyweight,0.0,0.0019651464590280023,0.013743665801504027,0.0,0.0,0.0,0.09340378197997774,0.07052066398562495,0.11725900064978687,0.08646026449141009,0.15136136110830212,0.1528197997775305,0.14274672415772524,0.1406634200174203,0.20411568409343722,0.13159065628475933,0.07934742306266,0.0904708935854645,0.07924519307166673,0.04803317696158938,0.0996298156852895,0.0659065628476083,0.055988134964775,0.035038932146829,0.04213014460511664,0.024749721913236756,0.0674183436141161,0.08312940304041415,0.014877641824248755,0.023845939933258654,0.06925569473327833,0.04446607341490515,0.09368386526339802,0.06622928985422383,0.08261500119682849,0.05612542464600301,0.0414534668149796,0.0230626622172784,0.03594836107151353,0.03571521657376662,0.029582049271503635,0.033797242414051396,0.39242602807255117,0.17258842876025662,0.0,1.0,0.0,0.0,0.0,13.222302,6.379117,1
779,779,Jared Vanderaa,Heavyweight,0.0,0.0022836214789674356,0.0,0.006945181719513007,0.0,0.029941450079678644,0.31175497476067343,0.22156456735485233,0.3000629282370067,0.25779391781960015,0.32738332953860994,0.252425310557079,0.33001051391347197,0.34290918928822284,0.0,0.0,0.129360062444988,0.168278258002421,0.27032996963382266,0.14058607928905503,0.26342005785336087,0.2008245359297181,0.226440797181056,0.18068406939978102,0.08519608788574914,0.06630450723918714,0.1555427523423534,0.1998458205676911,0.05300360775062026,0.07795134050606657,0.36191239414584364,0.27042256666950837,0.254180666381108,0.21079589672823515,0.1391047541695633,0.11298763100185343,0.0097165974821288,0.008826097924938,0.006196512209195452,0.007160414108403682,0.13083685877854528,0.1529450314714462,0.05645474808467055,0.3806180907711196,0.0,1.0,0.0,0.0,0.0,16.364779,8.423589,1
780,780,Jarjis Danho,Heavyweight,0.0,0.0,0.0,0.0,0.0,0.0,0.24731251040358168,0.17377764956265931,0.3669846625933452,0.2940980727639764,0.2792406280525957,0.21521538029127282,0.36832372447827894,0.3506067736021299,0.04714016341923305,0.012256442488999821,0.09559925085116,0.0,0.23162834358607248,0.14043559950360965,0.2549434636399937,0.1396044683326344,0.17891886434275198,0.142448341384833,0.14893494611967978,0.11072821887953291,0.044533489961416116,0.03061677434847284,0.21581121558404182,0.3397779068403033,0.21404431550407751,0.1354055145577371,0.3110164451748942,0.2483948024531888,0.4246418286543499,0.28597879661864706,0.1936817172572564,0.1407373785794004,0.005607812916782935,0.008331607762077503,0.018999417272679387,0.016970014606316444,0.24798637207739974,0.08442008008239964,0.0,1.0,0.0,0.0,0.0,14.872101,8.781866,1
793,793,Jeff Hughes,Heavyweight,0.0,0.01115507860192168,0.0,0.0,0.0322044776682884,0.0,0.28359544535144116,0.203582871654099,0.35293268629518915,0.2132077123556971,0.273367176058789,0.1980265115943075,0.31765174555022774,0.21499346973755437,0.023257910803962025,0.0,0.048587198771404,0.02469849270879503,0.23858170710312573,0.14123680538031677,0.28944834881401543,0.14300095515583472,0.13667691385671502,0.098870579505798,0.07405066339184664,0.03921255829259851,0.2498229601107104,0.23268823080346232,0.18757193768210106,0.2097948912094445,0.34367476700183264,0.270349153603506,0.3703431345141555,0.2293811574494761,0.07243121416620377,0.05514707367918275,0.0808311193516712,0.0581315510892432,0.003368456356175214,0.0030027382375047624,0.0037635166261456385,0.0036722882792341745,0.060173155558801254,0.06450084167146773,0.0,1.0,0.0,0.0,0.0,15.644658,8.526358,1
879,879,Jon Jones,Heavyweight,0.0005638337345997635,0.0,0.00027891609848585016,1.0263480578756157e-05,0.0,0.0,0.20324114443993263,0.20142462413077236,0.2624225246304308,0.15530256962030195,0.2076654492685383,0.20550399338899283,0.23102756830104684,0.14851703994360116,0.13296911399095815,0.04168596929905207,0.00539793595298,0.0004173815435360837,0.1028772103557227,0.06962004582508062,0.18114139212471186,0.0574088267273376,0.230837939600901,0.183001226423786,0.09587503216717465,0.07336692358152001,0.3521665772354716,0.39519213456481955,0.1797316864377773,0.19737056797308308,0.23227161154042808,0.2502906507781767,0.29953530817482543,0.19540714037786835,0.07766751743239222,0.06389816090095542,0.0215419645947324,0.0150907202378852,0.011685755212454385,0.0164184417847582,3.765583676973115e-05,2.6412635584153623e-05,0.11803460291311085,0.0005574892954402595,0.0,1.0,0.0,0.0,0.0,16.954859,7.196223,1
915,915,Josh Barnett,Heavyweight,0.003011851986182036,0.00013179332425332672,0.005184699642793176,0.011811920146197013,0.0,0.0038593064007767055,0.2735479718600415,0.28175391484675855,0.18625748764123834,0.13287061513017953,0.3188702618551306,0.34382919333557643,0.19488740023987303,0.1738367529712622,0.020540119544859025,0.0032003397795100303,0.202016786081888,0.12286619153503014,0.22653711932918394,0.19984910039028503,0.16047023561604162,0.0945710237884263,0.347106673899088,0.318717061881687,0.047703842673394135,0.036112773111974264,0.026693114968705783,0.03560268315777954,0.05414132770987276,0.07033660650607526,0.18418152888834352,0.16958569706820134,0.15232943374328525,0.10537987808077097,0.6724194498195991,0.6045423202715812,0.1044698328024668,0.0630817556539316,0.012890132201057088,0.010745685816194393,0.012319638823359727,0.01634000119982372,0.29081696569006593,0.26989097190449224,0.0,1.0,0.0,0.0,0.0,13.7205105,8.868657,1
921,921,Josh Parisian,Heavyweight,0.0,0.0033034156070800035,0.0,0.023867702037450027,0.0,0.0,0.3630240496496592,0.28627051443535684,0.3393088505567936,0.28150677977135097,0.3910855893372385,0.3151875126593545,0.4718849359275102,0.5173385438177994,0.0912106558955821,0.031974676980039356,0.162680471610456,0.15332807011082578,0.31462221395558454,0.1991810864920678,0.3057431817666615,0.21206124760075082,0.351938487545338,0.285890936988541,0.06430144120447764,0.05957511507407964,0.08720646948820665,0.10817394204453638,0.09586165612706851,0.1565740383408787,0.3708971008765769,0.2970232410402459,0.3277093625270908,0.2828453888095295,0.3558811349218118,0.2705250072050831,0.1001383899434816,0.07993311720241,0.013902440710860272,0.014871639434703085,0.024505736416971777,0.024949938772209523,0.12773965265347154,0.40477688691070574,0.0,1.0,0.0,0.0,0.0,15.430767,8.913695,1
931,931,Juan Adams,Heavyweight,0.0,0.0,0.0,0.0,0.0,0.0,0.43074734652685265,0.35605057821980374,0.2149060794336649,0.19681108843512757,0.47343277367184766,0.4250000989659319,0.2151334870463183,0.22825964523848793,0.06750395191327507,0.07197843845813412,0.107121229850992,0.10706904544652993,0.43851208568984773,0.33030133009704044,0.20062297595931938,0.16548440101821452,0.169553461863656,0.161229164261968,0.05358594732349314,0.048608455183282134,0.06735506493646537,0.07900190701510662,0.010042615298530502,0.016402938320933168,0.3706326250384289,0.2569083973796016,0.18372582675176322,0.16363136500151557,0.32438083034282933,0.2941250831089867,0.0608004637325752,0.0427059368030516,0.12199221936051018,0.14454879376347832,0.04973151912763624,0.07278902670397847,0.29959737683385357,0.1981139710216255,0.0,1.0,0.0,0.0,0.0,14.110371,8.017318,1
932,932,Juan Espino,Heavyweight,0.0,0.0,0.371037704371038,0.0,0.0,0.0,0.19902871621621607,0.2709199584199583,0.042034608866291893,0.03899733066399715,0.38951167076167065,0.4726351351351351,0.106997984139249,0.15275572240210739,0.44294294294294145,0.48798798798798826,0.0,0.0,0.19575289575289556,0.26874641170419494,0.014429752332977967,0.0,0.114489489489489,0.114489489489489,0.05161411411411389,0.05161411411411389,0.024160524160523618,0.0,0.008445945945945752,0.0,0.020449797623710454,0.010135135135134902,0.010480833397499912,0.0,0.19360737319598076,0.20668895246597957,0.0688188188188188,0.0550550550550548,0.2176921819778963,0.29827284362431755,0.0,0.0,0.8970749926127501,0.0,0.0,0.0,0.0,0.0,0.0,12.406427,6.600138,1
948,948,Junior Albini,Heavyweight,0.0500445541947086,0.006550488196761774,0.0,0.01727133713493602,0.0,0.04795451736497354,0.29021731018431574,0.24643137608360258,0.3995233786774967,0.27891926255317256,0.32076177855538685,0.295660591969356,0.3968535603847165,0.32391742669415274,0.0996506299596721,0.05137376163470468,0.089936641456972,0.0,0.2401150347282233,0.16615386778804442,0.30377298914705997,0.1500167336098431,0.298682808923453,0.23240899108743399,0.10817176314496202,0.0719721991831354,0.1040062647288112,0.13531969973889052,0.24907852200817504,0.3582381222512612,0.2884699834122167,0.2422342344357162,0.38255299091182754,0.25724471489787276,0.28197172267221493,0.24703980740766207,0.1535185654290396,0.1176159768132092,0.021002932114715427,0.020802904189813082,0.005744087237185157,0.008407274232351105,0.19791432232352568,0.17953351394146688,0.0,1.0,0.0,0.0,0.0,15.117254,9.024047,1
949,949,Junior Dos Santos,Heavyweight,0.013062479749505364,0.012633364316978913,0.001381374521695388,0.0008944151579322648,0.0,0.0,0.2808276594092233,0.21047469941145755,0.2596546263370564,0.15202141462808272,0.2629457656260754,0.19256492757575983,0.23851446305324897,0.1571764067788001,0.007788162920007008,0.0029976883027573575,0.127343757842832,0.012346888829898916,0.21579064143647145,0.1266057211196362,0.2342143870781786,0.1078678116475554,0.38991373798414397,0.266904802020613,0.03577453857941289,0.02470339921558613,0.06914888048671351,0.07810596834751032,0.09934243290933002,0.13611105569749132,0.3273048987664486,0.2772536985850442,0.26703942078903137,0.1574870878469645,0.05383375549773957,0.032699763197299114,0.040936797902558,0.0298431890596232,0.022985048969440924,0.014253875081000008,0.024446173570282493,0.022960893060434234,0.019150409503457845,0.07270796659083073,0.0,1.0,0.0,0.0,0.0,15.729577,7.8235064,1
956,956,Justin Ledet,Heavyweight,0.0,0.0,0.022361647361643578,0.0,0.0,0.0,0.49428330115830127,0.36999034749034737,0.34298170164506786,0.18038645788645769,0.45659047034047034,0.329976833976834,0.302013828078594,0.1726423712358355,0.014478764478762016,0.01882239382239063,0.019305019305016,0.0,0.5600899062327633,0.41527857167370824,0.2672914850334203,0.0838738738738737,0.02076362076362,0.02076362076362,0.05631435006435002,0.027252252252252005,0.0,0.0,0.2636422136422133,0.3483971471471471,0.6211952946735554,0.518243243243243,0.40291195041195027,0.23979788999525825,0.046731288250275005,0.03741660579498403,0.008305448305448,0.004152724152724,0.0014353330679858836,0.0021324948438647415,0.0,0.0,0.03743936810298356,0.004936779745940024,0.0,1.0,0.0,0.0,0.0,16.497606,9.557023,1
961,961,Justin Tafa,Heavyweight,0.030555293204040653,0.04425867198385265,0.0,0.007324889363649008,0.0,0.0,0.2564853285841445,0.2291709355601041,0.29874606684261606,0.21278520188543937,0.29774725003625535,0.2933303394264054,0.27725107335056093,0.2273012719824195,0.01962401499305402,0.0,0.022849195813568,0.0,0.21484290240234974,0.1563060512656977,0.23391062703767618,0.12096247540938179,0.21586303179210597,0.177290923540559,0.12088143873524741,0.09491897663896766,0.13129930214204455,0.17571230342618543,0.08207037009105676,0.11598431379771562,0.262824043835188,0.2537232891981237,0.30827927474196093,0.2541115324178623,0.24710593412877405,0.1918219158882998,0.0816046266864264,0.034939043952374,0.010077626254468742,0.005350438190710275,0.0,0.0,0.23767772990443575,0.05094150664544131,0.0,0.0,0.0,1.0,0.0,7.626965,4.4993443,0
962,962,Justin Willis,Heavyweight,0.015556940611240334,0.0,0.0,0.0,0.0,0.0,0.23874504914871172,0.21719110247800918,0.25269898614753133,0.13865290382530537,0.26668615492515335,0.25448380459036035,0.2629029121124872,0.1939716994520266,0.0921518569697761,0.08491968008423655,0.0,0.0,0.23379052222278468,0.20450277940550754,0.19618008961669445,0.0625924159471206,0.103726829312867,0.073415292382444,0.10324727763381002,0.07380847341159413,0.06978638804105426,0.07245864578930827,0.07342272421499701,0.10277652945333982,0.2469189907899038,0.2398214472459156,0.2699376121921477,0.15436618764299773,0.11116110271101916,0.05985451251569458,0.052023731625032,0.0334720545234032,0.03818485638846734,0.05054683626834999,0.0007830718009113543,0.0011461349909979769,0.18317817158490177,0.05779031965770913,0.0,0.0,0.0,1.0,0.0,7.259176,4.4936967,0
1094,1094,Luis Henrique,Heavyweight,0.0,0.01625494678927305,0.052897429593594836,0.0,0.0,0.0,0.09186954062699494,0.07414233539184947,0.13549032333845318,0.10767126124656896,0.2404455060871845,0.23535508770663396,0.228087791829366,0.2589391566888415,0.3568825303848484,0.13891817751474414,0.029505229530696,0.010555459422040113,0.09482658341680415,0.06967906016749743,0.12259745523566219,0.0839919883602333,0.032970230815391,0.032970230815391,0.02569675529423138,0.02422844241368513,0.011759254359892534,0.01361663004853778,0.03641261711412001,0.043406333779017,0.054531864577217204,0.0389160911363508,0.10520958391498275,0.07375603951609302,0.0792528538743005,0.0527730254430467,0.0487933753430444,0.0418364124458024,0.05146314677005775,0.047534312172716454,0.037592962641283166,0.03754780683584208,0.6766001659340452,0.03156269388492442,0.0,1.0,0.0,0.0,0.0,12.911769,6.3457355,1
1099,1099,Lukasz Brzeski,Heavyweight,0.0,0.0,0.0,0.0,0.0,0.0,0.61425,0.40846153846153854,0.40330033003300325,0.2077777777777777,0.5727272727272728,0.37199999999999983,0.352408515520096,0.19388981592546742,0.0,0.0,0.0,0.0,0.46799999999999997,0.19376460424313044,0.39372759856630807,0.1666666666666665,0.766666666666666,0.566666666666666,0.02499999999999976,0.01249999999999988,0.2622222222222219,0.2950000000000001,0.10833333333333303,0.1769444444444441,0.7724959742351044,0.58,0.4768233618233617,0.27653508771929813,0.06251758087201063,0.026696696696696453,0.0044444444444444,0.0044444444444444,0.0,0.0,0.0,0.0,0.0,0.006819338422391789,0.0,1.0,0.0,0.0,0.0,16.633251,10.0575905,1
1143,1143,Marcelo Golm,Heavyweight,0.0,0.0,0.14114476127642978,0.0,0.0,0.0,0.4525339533892593,0.445008195811056,0.209909348362505,0.1451112667026846,0.534110208851277,0.530369409882553,0.2671228051596849,0.2594416906249073,0.0984608301366541,0.1188053026571387,0.12496858357319601,0.014380009429512218,0.4592007776499281,0.4241324061532938,0.17683494651543813,0.0931349288521125,0.123006060159934,0.111512692924378,0.06801443209304926,0.056408699535357765,0.1368034298566036,0.18462758262520196,0.04686321883994926,0.06282345160586011,0.21622201995467188,0.1857439836969381,0.15985953587247917,0.0740683314479253,0.7884050206309225,0.48822798628848063,0.1458787954254012,0.1189991758347596,0.2083730245363019,0.2692024167922407,0.008034409998376601,0.009621394033090919,0.2944643530243304,0.2579362336897331,0.0,1.0,0.0,0.0,0.0,13.892305,8.260751,1
1149,1149,Marcin Tybura,Heavyweight,0.002248977863784716,0.006794206802958708,0.0035189894420273246,0.0023548156575129747,0.01079747479873852,0.005092362971797953,0.2451542094903699,0.18513853122975574,0.24761762590989406,0.1586493134462826,0.3339642112459928,0.29477717323337205,0.2545092043183943,0.20201516469653835,0.14504751017462117,0.0646813234593514,0.097475208228172,0.02776557067682403,0.22125014457167425,0.1418729702405303,0.2269120196497484,0.1171408047571683,0.159634479272739,0.112157083774046,0.04857519155056126,0.04069323487330276,0.10189240900633707,0.12312807567525777,0.05310201649398001,0.07466878616338672,0.24294409706233508,0.18048519280599254,0.2522609473007897,0.16136852020144582,0.11214290356322636,0.08161351273210107,0.059247077349748,0.0445466766926688,0.051895020461159624,0.05534599667036351,0.01089909645765467,0.012302460977384652,0.2896098654316495,0.14814052076095974,0.0,1.0,0.0,0.0,0.0,14.4566,7.304197,1
1156,1156,Marcos Rogerio de Lima,Heavyweight,0.018707229970193084,0.0,0.0040405639259401705,0.032710191488451036,0.012397845427435132,0.0,0.19373366831473016,0.15997331546899637,0.105993579428161,0.06337308486314351,0.32859627552120074,0.31828429555467724,0.1379202223996373,0.12349700280552466,0.08176008671077509,0.061119081316749396,0.15695630676236,0.10086822932339992,0.15575199539716494,0.11215969723655572,0.09441496630848792,0.0480765332169438,0.142565304181661,0.095665646793585,0.024512971127276628,0.015179740036568627,0.15140657207452465,0.15145289922685842,0.025003275266787754,0.028095734898082456,0.1835804875263008,0.14778188239876697,0.10727986105263382,0.06167361565951249,0.06648498587531666,0.050823008077648744,0.0129035372277944,0.0096093832410296,0.05649777553721268,0.0630902110538322,0.015261611560143525,0.017492981666336862,0.46330566718313804,0.2186665603571009,0.0,1.0,0.0,0.0,0.0,13.260762,6.7007885,1
1167,1167,Mark Godbeer,Heavyweight,0.0,0.0,0.0,0.0895351615696921,0.0,0.0,0.25976998345098545,0.20336443935461032,0.23454799519966296,0.12766384327693095,0.2614404865577412,0.2107511490808075,0.26564360988490415,0.20615529000120544,0.0895351615696921,0.0,0.17900418864616402,0.2404363630819248,0.19123972264821992,0.11919735390545862,0.2227778824241383,0.10128053934579061,0.247490544691381,0.158957741549863,0.04312966987681088,0.032362583585582264,0.2241782320263515,0.23436778081884113,0.028010062158727506,0.032678405851849314,0.29708759483966884,0.2486271381041169,0.23755609922363777,0.11880585095924516,0.15486238413795358,0.12045949070743808,0.029437497035972,0.0187669971659804,0.0,0.0,0.032868629253623174,0.0423455902310737,0.07115367283450635,0.3466420715084023,0.0,1.0,0.0,0.0,0.0,16.152767,7.7831583,1
1168,1168,Mark Hunt,Heavyweight,0.02019586707974265,0.004900018746913772,4.6801619688420025e-05,0.0038220068613990035,0.0005744141236578747,0.0005225619694707097,0.1496003233577799,0.09773582110522205,0.20386903262233483,0.16295873688427825,0.16475254852278864,0.1235812125255438,0.29423143780187805,0.32130782921961926,0.0047424518943240054,0.004037902331747707,0.286704190294108,0.19199511419441934,0.1417705946657457,0.08120437146559081,0.17602490373199026,0.12091377156178382,0.067505136893072,0.039119717434039004,0.05159903816995014,0.04117528068024864,0.06294002293691599,0.06848455459319353,0.05912716395935776,0.07631974105710579,0.1755679986826876,0.11826495709400744,0.1593503545400141,0.10969388848522237,0.05384411423507307,0.044586816577435025,0.0335502522520428,0.0237711405451628,0.004207794773863632,0.0060953692636566865,0.0860370024716334,0.1039553502405659,0.017705528697200903,0.36299950469471365,0.0,1.0,0.0,0.0,0.0,15.710463,5.795456,1
1179,1179,Martin Buday,Heavyweight,0.036150925683015554,0.0,0.0,0.0,0.0,0.0,0.24079512893982796,0.24994489750936744,0.1438338676274503,0.09336198662846226,0.4536337587913519,0.5067335243553011,0.17263248913188545,0.16534560515541522,0.0,0.0,0.0,0.0,0.18567335243553004,0.1529631107702626,0.11415103059432465,0.0515759312320914,0.372492836676217,0.358166189111747,0.042979942693409635,0.03223495702005713,0.015368585569157664,0.021131805157591783,0.06446991404011426,0.08775071633237763,0.1635314148083551,0.1482808022922636,0.14137462346631396,0.08776956718443649,0.5159043922962531,0.4991287849454037,0.0515759312320916,0.0401146131805156,0.029825316358267535,0.02532108490824327,0.0,0.0,0.6875741740048389,0.02491305584111633,0.0,1.0,0.0,0.0,0.0,13.529653,8.49338,1
1199,1199,Matt Mitrione,Heavyweight,0.06450839657556569,0.0011007311814557961,0.00036085291090178254,0.12716171013126912,0.0,0.002014545747192707,0.3463567809843496,0.2490982920793784,0.2485927372639054,0.13369567898109652,0.32555112965959576,0.22865976892433382,0.22820780576834276,0.14095906812877076,0.11962663406010014,0.0,0.068769738199912,0.021734897721560124,0.35818847759197997,0.2436942162507696,0.22864154204198092,0.103738721723994,0.09768340219393301,0.050448015763301,0.02941746268482338,0.018837690177921005,0.06971918964566827,0.09497359802802946,0.08901903823612951,0.09290096534643796,0.36423538490685575,0.2693789695442736,0.28243654794965345,0.16759165113981184,0.1327773418416541,0.0513663909821991,0.019571727304234,0.0110280803274156,0.05602348116754866,0.06990009831905297,0.0024552914670328873,0.0029932468222133375,0.035710127153111004,0.0529516520613784,0.0,0.0,0.0,0.0,1.0,17.119183,6.503661,1
1207,1207,Maurice Greene,Heavyweight,0.02040180048921146,0.01327649338559118,0.07385109376588604,0.023980399553184026,0.0,0.0,0.31878352505372537,0.22593588312921808,0.22821291030383264,0.17151602976768282,0.3132647362421047,0.2259177921827058,0.24428739936959942,0.20664515933476377,0.0,0.0,0.16386391166995198,0.14334497365796847,0.24977493590933747,0.13542793781345203,0.18390374205244955,0.1169208341905692,0.197217605229001,0.118166889704846,0.05334438914640339,0.03708585081955013,0.31940198189690244,0.33413282015365703,0.12202106516139602,0.14298074700099836,0.35526012474109175,0.2603275509581753,0.2177266378910023,0.16953751002521653,0.1969989724813758,0.16481765777867805,0.0253464102208988,0.017074727348348,0.00884476736675113,0.004209564615045122,0.05264327621556702,0.054366679429281944,0.03662257743866783,0.31161844922919346,0.0,1.0,0.0,0.0,0.0,16.403198,7.911513,1
1213,1213,Maxim Grishin,Heavyweight,0.0306044222277087,0.0,0.0,0.0,0.0,0.0,0.2578835657974529,0.173811634090591,0.20430924232508144,0.12886597938144312,0.30198053916974477,0.22922983626440252,0.22493553098963048,0.17636026483993605,0.04548211036992005,0.01182534869617922,0.145542753183744,0.07398423286840329,0.21121892055791383,0.09820002900652462,0.14432011580821208,0.0636749545178895,0.133414190418435,0.07883565797453,0.05003032140691314,0.026152213462704382,0.24394950107503097,0.2996513038204971,0.17738023044269255,0.21171922377198274,0.2831755741292483,0.21012734990903534,0.2226679728195797,0.15325077399380793,0.07165447413468776,0.040069329487157475,0.0291085506367492,0.015767131594906,0.0351687066579209,0.02545544481906635,0.004697332710336001,0.006875202730336745,0.09690915928521966,0.25432948027719776,0.0,1.0,0.0,0.0,0.0,16.332556,6.974158,1
1361,1361,Ovince Saint Preux,Heavyweight,0.008756500390937063,0.004366726107700938,0.02992942316327999,0.02033874776838302,0.040000790308500005,0.0,0.20397710547934542,0.13544120861789705,0.30333176563252706,0.23856573302095269,0.19697854427276157,0.13400612958603875,0.29283417160039366,0.267976694162709,0.14197652971340716,0.0605933840703049,0.083530842870504,0.028296262058310935,0.14843813145361495,0.058803779384509286,0.23540007434370802,0.1468979594302857,0.254277632153408,0.18245230666213902,0.12448972156523477,0.09455252638729578,0.11973501026582743,0.1284267432875325,0.08733984205877553,0.12274104281646163,0.24698672095728486,0.1766939336190972,0.31467983112338727,0.26490447288540825,0.05195066810479394,0.044119977985427584,0.061977953239212,0.0467433731700896,0.0026936337620465565,0.002373228193005993,0.01392017814662353,0.015097325619533511,0.10719315392523313,0.1738396152979956,0.0,0.0,0.0,1.0,0.0,7.113904,4.353706,0
1368,1368,Parker Porter,Heavyweight,0.0,0.036681224636314375,0.013523736746174991,0.005474452554744005,0.0,0.0,0.42564310806521943,0.31010156689045104,0.41760377496768447,0.32560386229424804,0.43847729505643124,0.33045288594600253,0.3964411127477475,0.3548125238318331,0.14406619872467116,0.04879438976546168,0.014598540145984,0.011131386861312813,0.40919616730119895,0.252605581937227,0.36745359666127053,0.2386784611209816,0.143605668204817,0.10662364798586998,0.09705746406127015,0.07761073670444477,0.2040370386573714,0.26400561713528287,0.11376187119430428,0.17962575240150436,0.49746473122013984,0.38901210390256585,0.4329588041939265,0.3624744020085673,0.18288453506176805,0.14319312588286096,0.0781421332400064,0.0602946822940984,0.006489730455054611,0.005179853159945769,0.025091124260363116,0.023483829661739897,0.20211804815978618,0.10096892820429006,0.0,1.0,0.0,0.0,0.0,16.19648,9.931814,1
1386,1386,Philipe Lins,Heavyweight,0.0,0.0,0.0,0.0,0.0,0.0,0.22275000000000003,0.1419230769230768,0.22953795379537933,0.15740740740740725,0.2025,0.12299999999999989,0.1972870794060515,0.14460383171397329,0.0,0.0,0.0,0.0,0.18257142857142838,0.10281387163921184,0.16075268817204288,0.0733333333333332,0.2,0.077777777777777,0.054166666666666516,0.029166666666666383,0.11919191919191914,0.13111111111110985,0.2083333333333328,0.2858333333333333,0.27383252818035414,0.18999999999999992,0.2575356125356125,0.19570175438596485,0.05001406469760851,0.04004504504504468,0.0266666666666664,0.0177777777777776,0.0,0.0,0.0,0.0,0.008044749555046958,0.0,0.0,1.0,0.0,0.0,0.0,15.757817,7.3699484,1
1420,1420,Raphael Pessoa,Heavyweight,0.010951973145287302,0.0,0.0,0.07254464285714107,0.0,0.05613425925924991,0.32205636160714274,0.10546874999999983,0.16723575259311635,0.14458291997354478,0.30567674512987,0.10915178571428573,0.17864497780515462,0.1824209233941096,0.14508928571428514,0.0,0.096726190476188,0.0,0.31396683673469383,0.077013309585519,0.10777689772145399,0.0638020833333333,0.10726686507936499,0.061383928571428,0.05998883928571427,0.04603794642857139,0.13568722943722927,0.08962673611110983,0.1441592261904758,0.21419270833333298,0.3728523263170002,0.1277901785714283,0.17316833918396407,0.17615816885964894,0.17234199191279825,0.0655499249249249,0.0166170634920632,0.014880952380952,0.0,0.0,0.02170850409836062,0.005904796511627756,0.005194712324288954,0.11536808584757052,0.0,1.0,0.0,0.0,0.0,15.942312,7.208822,1
1423,1423,Rashad Coulter,Heavyweight,0.0,0.03945346060493087,0.0,0.0,0.0,0.0,0.29342595110692965,0.19926261225911351,0.7580111695790164,0.5066569726607799,0.27722379878816383,0.18805456737129908,0.680105028813312,0.504089854804964,0.03792667509481504,0.0,0.05056890012642,0.0,0.3088192119819732,0.18684278308901991,0.6695811120921822,0.3521631435039543,0.092280892599888,0.092280892599888,0.08153132625760727,0.07315677094052252,0.023956303694932287,0.032939917580531886,0.38647906682738936,0.5135680352610273,0.31961012420513835,0.21747750859965284,0.7343875368417455,0.4936750673504092,0.22996757506840496,0.18780128914673072,0.1188222150354276,0.0792148100236184,0.003759810514370579,0.0,0.13289771557933708,0.136427829578157,0.02484472049689434,0.14283810358694612,0.0,1.0,0.0,0.0,0.0,15.585259,9.685042,1
1469,1469,Rodrigo Nascimento,Heavyweight,0.0,0.0344964235921667,0.08157574550096276,0.0,0.0,0.0,0.28308588259362655,0.26010847971947176,0.2966004587004381,0.26146087167363746,0.3014526052014319,0.2901099932608067,0.32071212519697495,0.33888532945122374,0.15371457912133515,0.13732895285773583,0.0,0.0,0.2339598330330494,0.1656705011941428,0.23550369301232274,0.16301045377234352,0.155295214103098,0.137688938095696,0.07886049468887364,0.06624852580148251,0.24857473599964214,0.34179026199950785,0.1520791213375688,0.24839589818469593,0.3195995712697976,0.3185599186483101,0.2687598218186933,0.237631488690316,0.10752834316860048,0.0891238710911733,0.0920326155557692,0.0828533530160564,0.02094449718654864,0.023338154007868598,0.04183547530251373,0.043104692396502976,0.348263046321446,0.21222024468179004,0.0,1.0,0.0,0.0,0.0,15.086338,7.925622,1
1484,1484,Roque Martinez,Heavyweight,0.0,0.0,0.0,0.07390061875946108,0.0,0.0,0.1142846232674978,0.08865630744814419,0.43870394641296534,0.2491068719137079,0.1886606718857668,0.18508599831557218,0.4251690791909073,0.27131304497902736,0.02051983584131102,0.013337893296850221,0.224428097813648,0.32139101606048376,0.08865695744489953,0.049664849562101224,0.4306833459463881,0.20855017501496997,0.064979480164158,0.054719562243501996,0.07414251184211139,0.06260010418137264,0.1247618411158826,0.13320245751201154,0.015389876880984754,0.020947332421340174,0.13327414129565182,0.1163606135990769,0.11302252806724317,0.08957653961544086,0.04311473341899457,0.031231123047042987,0.0131346422538228,0.0117666531977352,0.003663019797222975,0.0,0.5412602011592753,0.2792755941491322,0.06084264369363305,0.6750671461472457,0.0,1.0,0.0,0.0,0.0,15.249168,5.7220516,1
1491,1491,Roy Nelson,Heavyweight,0.00873707615480207,0.0010200908374066013,2.0880644476689216e-05,0.0,0.0,0.0,0.17257823416526907,0.11008704806128876,0.23304448199016853,0.18648813667643127,0.20048946409781152,0.15281554823457222,0.23572381389614347,0.2280630965574835,0.17030422687715419,0.09701334019760385,0.046473065210876,0.003123590437737247,0.16901914831895606,0.09200622642062468,0.18795972160480032,0.1178774659804434,0.069370116337167,0.052261212118597,0.09014496995581726,0.07580385571179564,0.056359400120893646,0.06281038770962107,0.05268077438684851,0.07732802912040282,0.17385337974310755,0.1068516460199556,0.19776571736130402,0.14325293910317868,0.18217124253359507,0.12038786462005652,0.1373853873155,0.1129567089731244,0.006005318824563138,0.006940343071868453,0.0005623644665894902,0.0007574452037168024,0.264033975906337,0.12675305656199562,0.0,1.0,0.0,0.0,0.0,13.76762,6.2989573,1
1548,1548,Sergei Pavlovich,Heavyweight,0.10159974363375444,0.0,0.0,0.0,0.0,0.0,0.39890593025197657,0.30903574346869106,0.24918305200666044,0.21671465147894597,0.38431889169568945,0.29962411182390813,0.23159103541005738,0.22420901614311695,0.11673215501585113,0.0,0.192134557044976,0.11867769093277894,0.41963618191442814,0.32533892942446585,0.16091027859332085,0.10917782535269521,0.137207707876873,0.058366077507925995,0.09870248509986226,0.07930619661838915,0.020870294381621322,0.02869665477472931,0.1950116583961928,0.232095807152651,0.32610803052267595,0.2550996833979258,0.19971933186685004,0.14681367063374456,0.45634745572556495,0.27139633590533324,0.0591920152421716,0.0591920152421716,0.09139526935608566,0.08800348945949717,0.08439160715080563,0.10587334989809968,0.05478413106266951,0.2308504602501824,0.0,0.0,0.0,1.0,0.0,7.3821735,4.708571,0
1551,1551,Serghei Spivac,Heavyweight,0.0,0.04878168952395305,0.019839527776684438,0.005829508142436006,0.0,0.0,0.23272137588255026,0.17763702019744698,0.3173102203189874,0.23926960940701078,0.314840382766952,0.28561321056897493,0.3241294513287535,0.2917679040203781,0.20429268167924122,0.1703841508001922,0.072378659922896,0.03352103070708074,0.25605288263037934,0.18768181845108592,0.2969998603023335,0.20452787010671608,0.015744122031934,0.015744122031934,0.05996753424246902,0.036945746324770136,0.02906650624472149,0.03996644608649204,0.050347440903550505,0.07864428601598984,0.20751297734368482,0.132165779212188,0.2795798959462756,0.20459150931630418,0.04436918946938979,0.031628444066697015,0.0687891836874856,0.0491813006439032,0.09216541045950807,0.11053560134963829,0.07846602946737238,0.08489274312946322,0.3599074895761472,0.15143620349843454,0.0,1.0,0.0,0.0,0.0,14.055954,7.03308,1
1557,1557,Shamil Abdurakhimov,Heavyweight,0.008951558948781106,0.008992674487747208,0.006594703168442046,0.004136977847901005,0.0,0.0,0.19689349426433342,0.13152899205796534,0.2368315809444374,0.14256645338816745,0.2196636843538832,0.16850281884304694,0.23338023973999247,0.16757014490396613,0.14326417702821315,0.040016228348549766,0.137195050477224,0.11508491125576693,0.16764068427064974,0.0896900468872009,0.21347327619587408,0.1071816851234271,0.122163204555508,0.075071542654578,0.045134884036773015,0.026912644296405382,0.13492443992785053,0.14028287395703334,0.06615234689460302,0.0908170687324713,0.2006610752620031,0.13283947785145364,0.1689768891529384,0.07583051464788322,0.1705886754528447,0.11188113378006383,0.0796138739145536,0.046539486706716,0.01404441064448747,0.01496272386319536,0.09025759380582746,0.08561029253669328,0.12328512528568625,0.13376546234962813,0.0,1.0,0.0,0.0,0.0,14.704047,6.3561954,1
1584,1584,Stefan Struve,Heavyweight,0.00721012861232501,0.008168799704620809,0.020222538766457205,3.3278217283875614e-05,0.026633368629336258,0.024062973405660302,0.21470537853743235,0.15027424864867087,0.2302557656998722,0.18268812790881225,0.20616501128874587,0.1433498828894894,0.2576658043768535,0.2559611816509318,0.05831733668715006,0.03397014527423405,0.26018362888586,0.1736168984348384,0.17085679690238756,0.09329437433133299,0.1695187965440387,0.1090753285166487,0.215618696607206,0.12408456751729101,0.07124195409889389,0.04822952551618313,0.11412173431274018,0.14180125169918073,0.14561548630573054,0.18691678606480097,0.24469142501116942,0.17787878293178563,0.21386711033960704,0.17672371472869514,0.040257898942785295,0.031033003182391175,0.0351887432188552,0.0213991634790144,0.024171210600131835,0.027060777015054712,0.05350869911511873,0.058834333286299854,0.08795891290508426,0.3655756496126904,0.0,1.0,0.0,0.0,0.0,15.740275,6.224063,1
1594,1594,Stipe Miocic,Heavyweight,0.02600525836713333,0.009681441277309744,0.0,0.013697144541066015,0.0,0.0,0.309020696795703,0.2698707674200567,0.2366478766698557,0.1629298039633014,0.4189545111370434,0.4116523477057557,0.22645335687289828,0.18455028061388104,0.1774424256998462,0.09786758533262507,0.040908704436323995,0.014792165572813118,0.3046202126916484,0.24347551827665215,0.20025103149717838,0.12147474501692582,0.11471746853982501,0.093024280544933,0.06520461155266315,0.033704621730709504,0.10196324806828685,0.13142869412164787,0.07259422360305078,0.09830815968229212,0.2785247851027396,0.24161647515112936,0.25619879134597257,0.19038129970834866,0.1839246458933391,0.123291168033477,0.0298428247853836,0.0197295759958632,0.0859317939718515,0.1001677400123921,0.010754599897135123,0.012927439462260035,0.3674480388222587,0.0292554442609128,0.0,1.0,0.0,0.0,0.0,14.204326,7.8591447,1
1611,1611,Tai Tuivasa,Heavyweight,0.0570452530604775,0.007029991640082341,0.0,0.006211705394475007,0.0,0.0,0.29867128974405704,0.2520124325429727,0.217956537133272,0.1695645389880979,0.29287683754455845,0.24795788973232272,0.2182666200511957,0.20513807251363436,0.04265870963151005,0.0,0.188985159247312,0.11579868223703833,0.260575958150837,0.18660156592552893,0.18202275524009975,0.1158720245593923,0.160449427833237,0.13254008328258,0.06595789708309088,0.05338964168776276,0.20223593412568303,0.2243049394705107,0.06368012941578677,0.08556700837648645,0.2860818856720317,0.24120528591273344,0.20104621841766465,0.1563976872046037,0.34421032164169946,0.2710301383503215,0.0547623429358376,0.0474099145871452,0.019708024989367325,0.020905237399737465,0.035919267800405906,0.032413978691091735,0.19731857172095263,0.14541157253317513,0.0,0.0,0.0,1.0,0.0,7.277111,4.7508893,0
1619,1619,Tanner Boser,Heavyweight,0.009219341532697118,0.0,0.0,0.0,0.0,0.0,0.2840185671036969,0.23824977483227808,0.2067561825818796,0.10688987294288917,0.2711571144027339,0.22192525182222725,0.19350146290855297,0.11343907685306782,0.0,0.0,0.05797214629328,0.024866412767529128,0.19914684978411706,0.10075166722312717,0.16818327143477052,0.0630377946154602,0.19262020499341798,0.16057431003490702,0.06561004172186365,0.037282069517452505,0.37484259841564066,0.47359830453268853,0.07036953953074052,0.08294908771823196,0.3447186984571205,0.3213351836183403,0.2405866617306014,0.1375013215828928,0.018118123124162017,0.008420795601430438,0.0090098152098956,0.0072593577304924,0.01714708192337384,0.019293394121862442,0.0,0.0,0.009967056574902796,0.06812447799371828,0.0,1.0,0.0,0.0,0.0,16.945782,7.2876225,1
1655,1655,Timothy Johnson,Heavyweight,0.005744092030038109,0.0034194237787039373,0.0,0.00872182534022401,0.0,0.0,0.23563127609766119,0.15455867403254672,0.16953410344343672,0.12978537806837515,0.3151269025603737,0.25858866706031164,0.21473601428788947,0.2214806163860371,0.13887580394852417,0.0625284021941398,0.134679540304156,0.06443919371253778,0.21833269470904323,0.12104634923205117,0.14135637616792898,0.08681666476858499,0.098427283475645,0.058950829718786,0.05696138470710451,0.045626383460122134,0.13062715655060564,0.14314062237197672,0.039031133053856255,0.05758333218749972,0.19427729127677099,0.09411858000740206,0.15537234646310166,0.11392842376955974,0.3043808030398621,0.22639412277385595,0.067634464336862,0.0533567077075816,0.04289607943199475,0.04352795354914906,0.009906092538660238,0.01230279791959022,0.42736239952833627,0.13202315795692818,0.0,0.0,0.0,1.0,0.0,7.126023,4.744594,0
1659,1659,Todd Duffee,Heavyweight,0.1023368614642071,0.09212050984936106,0.0,0.0,0.0,0.0,0.5924826187717266,0.3591897673589444,0.4373702144258457,0.269215913480108,0.5439534393763826,0.31911935110081097,0.3938079620695089,0.271673721482889,0.0,0.0,0.254924681344148,0.07068366164542238,0.6221486508856151,0.3525950362170145,0.46284528837887323,0.27114716106604864,0.220162224797219,0.144843568945538,0.02172653534183063,0.017381228273464503,0.01864531760244321,0.025637311703359412,0.0,0.0,0.6613263472551094,0.40411355735805304,0.2964984995691832,0.1907818503384763,0.34554908546870616,0.2296905828192038,0.3522595596755504,0.1622247972190032,0.02067677949154507,0.028159804450390177,0.028721767376479045,0.02101915977256172,0.07131209049375407,0.07052444428719265,0.0,1.0,0.0,0.0,0.0,16.984783,9.712773,1
1660,1660,Tom Aspinall,Heavyweight,0.17871417358532712,0.0,0.06191731773551762,0.0,0.0,0.0,0.40821984898250774,0.46954943039156444,0.2807706457027525,0.1353190695127999,0.38705560794023947,0.42901338925424515,0.25233412270885947,0.13796682002562857,0.11031420479941212,0.14340846623923584,0.06282585919497599,0.0,0.3651652173895141,0.38353007756949936,0.23690357434521384,0.053593154042668505,0.17816639982183202,0.16968397496610998,0.03778010579166301,0.03141828714987113,0.2787585796061001,0.38329304695838756,0.16773989618102406,0.26358419331408006,0.3425144955567701,0.439873771884066,0.3209314833721846,0.1731256413629803,0.22291305820561014,0.1666421433855007,0.020357819653734,0.0101789098268668,0.14795819175815828,0.17275839265094595,0.0015123175866931429,0.0,0.2507037443130923,0.0,0.0,1.0,0.0,0.0,0.0,14.725604,8.1282015,1
1677,1677,Travis Browne,Heavyweight,0.01109480109170478,0.026733651535256097,0.00016326796299202657,0.007042898367393007,0.0,0.00010127573084077857,0.2578114699618077,0.1522901109001883,0.2885728769546497,0.2447802905674822,0.24979457935961003,0.1529693094311257,0.2962433126851727,0.29786032208807406,0.043609152086400045,0.033398138288607354,0.1330707717812,0.04463331890157895,0.22732607389178303,0.1100397469308561,0.24374103588538934,0.1747956459138453,0.22097514062750598,0.128170441447746,0.06864125351095876,0.05183961398220864,0.07497801754758388,0.07591778721904208,0.11186919432725104,0.17522315919873593,0.26790936423681505,0.14445088212739274,0.2533245795020049,0.21736782849695377,0.03282839945885189,0.03135942936809855,0.0977046237028984,0.070195338104802,0.0628251370862083,0.06262250477841545,0.04539888068921834,0.05475692742968878,0.0888881976161852,0.14002209062288187,0.0,1.0,0.0,0.0,0.0,15.405622,7.3803864,1
1717,1717,Viktor Pesta,Heavyweight,0.0,0.007745141020020408,0.0,0.0,0.0,0.0,0.12911592659860965,0.06846592250362499,0.1970184793264821,0.12963185644465772,0.2337749449147958,0.19600125258345333,0.1872964503818439,0.14582039328016325,0.4127011962171964,0.15697375837664845,0.06439949061606,0.0,0.12977959899435446,0.05373419240119403,0.18860826978941558,0.1102615811778459,0.050000347939848006,0.044633723721842,0.030357403812028883,0.022406630341746378,0.0287846208056632,0.03562096824700894,0.029988935512828507,0.03703736178089434,0.11554414312853585,0.0397281893906178,0.16342659370278823,0.08822861625787397,0.062305364871305474,0.032236006282476005,0.0363872709685948,0.0296600627683484,0.04069900653031922,0.046239543553774465,0.06734233619134541,0.06936049788735736,0.4558290744938577,0.056955804680486784,0.0,1.0,0.0,0.0,0.0,12.989708,6.4301105,1
1734,1734,Waldo Cortes-Acosta,Heavyweight,0.0,0.0,0.0,0.0,0.0,0.0,0.3554999999999999,0.25269230769230777,0.2960396039603959,0.17629629629629623,0.32318181818181807,0.21900000000000003,0.2662299399011823,0.1723271978329387,0.0,0.0,0.044444444444444,0.0,0.3008571428571429,0.16212956681568053,0.21433691756272397,0.0399999999999999,0.355555555555555,0.28888888888888803,0.02083333333333313,0.02083333333333313,0.10727272727272734,0.09833333333333238,0.34166666666666634,0.5308333333333335,0.4525442834138485,0.365,0.32638176638176636,0.22122807017543827,0.012503516174402127,0.0,0.0444444444444444,0.0177777777777776,0.0,0.0,0.0,0.0,0.003447749809305839,0.014775233248515646,0.0,1.0,0.0,0.0,0.0,15.696587,7.9536605,1
1735,1735,Walt Harris,Heavyweight,0.04389884908210568,0.004453564326547372,0.007602642412257748,0.00973114898347201,0.0,0.0,0.2769780797629969,0.17298146170181739,0.23343022634415145,0.1525280775287089,0.2666711128224493,0.16936452480252323,0.22960185911823394,0.1798210824361232,0.03652470667176904,0.01734090869757483,0.118946283274496,0.05513160098662167,0.2536338964971534,0.13925754412513622,0.18587948645973765,0.0941452148732391,0.225989941959501,0.12325386038616101,0.06417224561666476,0.03974592811774126,0.049188953336935556,0.06004146762050464,0.11356553261296577,0.14519663673161676,0.2711971205258995,0.15072115168257796,0.2268745503461898,0.14900857141181653,0.10247225713162213,0.05644977426640039,0.0230103750075564,0.0112444088730268,0.0687993906183521,0.07658401807016832,0.050474639947646,0.05489934305184565,0.08199631973531997,0.1078026753709432,0.0,0.0,0.0,1.0,0.0,7.2850876,4.31804,0
1741,1741,William Knight,Heavyweight,0.01867215519458642,0.0,0.005714285020153577,0.0,0.0876669986005576,0.06380266439768667,0.1857252169908505,0.1364318524834643,0.15495222251023655,0.1475123300391914,0.2104537640355135,0.17694190178130226,0.18172939420358858,0.21086967944067997,0.1713915880787822,0.07426968816747102,0.103597109717892,0.06770811099419377,0.14377620379063263,0.08529315938973402,0.10974042089693338,0.0775816346015886,0.144597921644026,0.091759730671254,0.05713052935959451,0.05183916157746451,0.16231269251867633,0.1571035805546705,0.09513568474692903,0.15164096174617986,0.19844878774066654,0.1335769719091047,0.16979032780962885,0.17934253563409408,0.08938021914126627,0.09097454714602342,0.008841019699256,0.0076174039146124,0.02164027653615998,0.0288816475223521,0.012579974198159843,0.01505682957473515,0.12417234028472807,0.3727371635871866,0.0,1.0,0.0,0.0,0.0,15.656613,6.2862926,1
1762,1762,Yorgan De Castro,Heavyweight,0.07583914451149178,0.0,0.0,0.0,0.0,0.0,0.18241318477741672,0.10568418009813266,0.23840313119788412,0.17194139277915735,0.2089871499388121,0.1491654813333087,0.27461265584456895,0.27047209365670205,0.0070671378091860075,0.0,0.0,0.0,0.1537572283971816,0.05093983445767428,0.18718840573294715,0.100453373515914,0.116921810221751,0.087784161131445,0.059737172669863135,0.047592673716211134,0.12819193339965917,0.1597676306791541,0.1370715976534358,0.177739659450867,0.20188855529615957,0.1526549268084138,0.23333884470207916,0.174602756492087,0.1379370421604321,0.0,0.087208867612998,0.0603379101715236,0.0,0.0,0.0,0.0,0.08432996758705595,0.2572650608984591,0.0,1.0,0.0,0.0,0.0,15.371822,6.880187,1
